LiquidClassName,AsFlowRate,AsMixFlowRate,AsAirTransportVolume,AsBlowOutVolume,AsSwapSpeed,AsSettlingTime,AsOverAspirateVolume,AsClotRetractHeight,DsFlowRate,DsMixFlowRate,DsAirTransportVolume,DsBlowOutVolume,DsSwapSpeed,DsSettlingTime,DsStopFlowRate,DsStopBackVolume,DispenseMode
HMWSRE_SVF_SupernatantRemovalAndSave_JetEmpty_v2,3.0,100.0,0.0,50.0,0.3,5.0,0.0,0.0,40.0,1.0,0.0,50.0,1.0,0.0,30.0,0.0,3
PacBio_SVF_SupernatantRemovalSecond_JetEmpty,5.0,20.0,5.0,0.0,10.0,1.0,0.0,0.0,100.0,1.0,5.0,0.0,50.0,0.0,100.0,0.0,3
HMWSRE_SVF_SupernatantRemoval_JetEmpty_v2,5.0,100.0,0.0,30.0,0.3,5.0,0.0,0.0,10.0,1.0,0.0,30.0,1.0,0.0,10.0,0.0,3
PacBio_SVF_SupernatantRemovalSecond_JetEmpty_HSP,5.0,20.0,5.0,0.0,3.0,2.0,0.0,0.0,100.0,1.0,5.0,0.0,50.0,0.0,100.0,0.0,3
PacBio_SVF_TransferSample_SurfaceEmpty_v3,5.0,100.0,0.0,20.0,0.3,5.0,0.0,0.0,10.0,100.0,0.0,20.0,2.0,0.0,10.0,0.0,5
10x_ChromiumGEM-XSingleCell3-5_1000PC_300Tip_FB_DNALigase_SE,5.0,50.0,0.0,0.0,10.0,2.0,0.0,0.0,10.0,100.0,0.0,0.0,10.0,2.0,1.0,0.0,5
NEBNext_RNA_II_50F_FisrtStrandRandomPrimers2X_MPH_SurfaceEmpty,5.0,75.0,3.0,3.0,10.0,2.0,0.0,0.0,60.0,75.0,3.0,3.0,10.0,1.0,1.0,0.0,5
NEBNext_RNA_II_50F_ProbeHybridizationMastermix_SurfaceEmpty,5.0,10.0,1.0,7.0,50.0,1.0,1.0,0.0,10.0,10.0,0.0,7.0,5.0,0.0,10.0,0.0,5
NEBNext_RNA_II_50F_RNASEHDigestionMastermix_SurfaceEmpty,5.0,20.0,1.0,3.0,50.0,1.0,1.0,0.0,5.0,20.0,1.0,3.0,5.0,2.0,2.0,0.0,5
NEBNext_RNA_II_50F_ElutionRNAdepleted_MPH_SurfaceEmpty,5.0,75.0,1.0,1.0,10.0,2.0,0.0,0.0,5.0,75.0,1.0,1.0,10.0,1.0,1.0,0.0,5
NEBNext_RNA_II_50F_ElutionRNAdepleted_SurfaceEmpty,5.0,30.0,1.0,1.0,50.0,1.0,0.0,0.0,5.0,30.0,1.0,1.0,50.0,1.0,1.0,0.0,5
KitName_50F_CleanSample_SurfaceEmpty,5.0,75.0,3.0,3.0,10.0,2.0,0.0,0.0,60.0,75.0,3.0,3.0,10.0,1.0,1.0,0.0,5
NEBNext_DNA_II_50F_CleanSample_SurfaceEmpty,5.0,75.0,3.0,0.0,10.0,2.0,0.0,0.0,60.0,75.0,3.0,0.0,10.0,1.0,1.0,0.0,5
NEBNext_DNA_II_50F_CleanSample_SurfaceEmpty_2,5.0,75.0,0.0,0.0,2.0,2.0,0.0,0.0,60.0,75.0,0.0,0.0,2.0,0.0,1.0,0.0,5
ON_LSK109_50F_MPH_EluateSampleTransfer_SurfaceEmpty_JB,5.0,50.0,0.0,2.0,2.0,1.0,0.0,0.0,100.0,50.0,0.0,2.0,2.0,1.0,1.0,0.0,5
NEBNext_EMseq_50F_Eluate_SurfaceEmpty,5.0,75.0,2.0,0.0,2.0,0.0,0.0,0.0,120.0,75.0,2.0,0.0,2.0,0.0,1.0,0.0,5
NEBNext_EMseq_50F_Oxidation_StopReagent_SurfaceEmpty,5.0,30.0,0.0,1.0,20.0,0.0,0.0,0.0,35.0,30.0,0.0,1.0,2.0,0.0,1.0,0.0,5
10x_ChromiumGEM-XSingleCell3-5_1000MPH_300Tip_FB_ProductPlateToPlate_SE,5.0,50.0,0.0,0.0,2.0,2.0,0.0,0.0,20.0,70.0,0.0,0.0,1.0,5.0,1.0,0.0,5
Sample_Elution_High_Precision,5.0,30.0,1.0,0.0,30.0,1.0,0.0,0.0,10.0,30.0,1.0,0.0,5.0,2.0,2.0,0.0,5
Roche_AVENIO_CGP_50F_CleanSamples_SurfaceEmpty,5.0,75.0,3.0,3.0,10.0,2.0,0.0,0.0,60.0,75.0,3.0,3.0,10.0,1.0,1.0,0.0,5
Roche_AVENIO_CGP_50F_EluateLigationCleanup_SurfaceEmpty,5.0,75.0,5.0,5.0,2.0,0.0,0.0,0.0,120.0,75.0,5.0,5.0,2.0,0.0,1.0,0.0,5
Roche_AVENIO_CGP_50F_SupernatantPCRMMAndBeads_SurfaceEmpty,5.0,75.0,5.0,5.0,2.0,0.0,0.0,0.0,120.0,75.0,5.0,5.0,2.0,0.0,1.0,0.0,5
TruSeq_50F_SampleInEPH_Oil_SurfaceEmpty,5.0,75.0,0.0,1.0,1.0,3.0,2.0,0.0,5.0,75.0,0.0,1.0,1.0,3.0,1.0,0.0,5
RNAMessenger_SVF_Water_JetEmpty,8.0,20.0,5.0,30.0,5.0,0.5,0.0,0.0,180.0,1.0,5.0,30.0,1.0,0.0,100.0,0.0,3
PacBio_50F_AdapterLigationMix_SurfaceEmpty,10.0,75.0,1.0,3.0,1.0,4.0,0.0,0.0,20.0,75.0,1.0,3.0,4.0,0.0,1.0,0.0,5
PacBio_50F_ElutionBuffer_Pool_SurfaceEmpty,10.0,75.0,1.0,3.0,1.0,1.0,0.0,0.0,10.0,75.0,1.0,3.0,4.0,2.0,1.0,0.0,5
PacBio_50F_EndRepairDDRATailingMix_SurfaceEmpty_v2,10.0,50.0,0.0,1.0,2.0,1.0,0.0,0.0,20.0,50.0,0.0,1.0,4.0,1.0,1.0,0.0,5
PacBio_SVF_MPH_LowTEElutionBuffer_SingleDispense_JetEmpty,10.0,75.0,2.0,5.0,1.0,0.0,0.0,0.0,10.0,75.0,2.0,5.0,2.0,0.0,1.0,0.0,3
PacBio_50F_96MPH_Eluent_FinalTransfer_SurfaceEmpty,10.0,75.0,5.0,1.0,3.0,1.0,2.0,0.0,120.0,75.0,0.0,1.0,2.0,0.0,1.0,0.0,5
PacBio_50F_96MPH_Eluent_SurfaceEmpty,10.0,75.0,0.0,0.0,2.0,1.0,0.0,0.0,120.0,75.0,0.0,0.0,2.0,0.0,1.0,0.0,5
PacBio_50F_EB_SurfaceEmpty_v2,10.0,65.0,0.0,0.0,2.0,0.0,0.0,0.0,10.0,65.0,0.0,0.0,2.0,0.0,1.0,0.0,5
PacBio_50F_ElutionBuffer_JetEmpty_v2,10.0,75.0,0.0,5.0,2.0,0.0,0.0,0.0,10.0,75.0,0.0,5.0,2.0,0.0,1.0,0.0,3
PacBio_50F_LigationMasterMix_SurfaceEmpty,10.0,75.0,0.0,5.0,1.0,1.0,0.0,0.0,20.0,75.0,0.0,5.0,4.0,4.0,1.0,0.0,5
10x_ChromiumGEM-XSingleCell3-5_1000PC_300Tip_FB_AdaptorLigationMix_SE,10.0,20.0,0.0,2.0,10.0,2.0,2.0,0.0,10.0,100.0,0.0,2.0,20.0,2.0,10.0,0.0,5
10x_ChromiumGEM-XSingleCell3-5_1000PC_300Tip_FB_BufferEB_SE,10.0,10.0,0.5,0.0,2.0,1.0,0.0,0.0,10.0,50.0,0.5,0.0,5.0,3.0,1.0,0.0,5
10x_ChromiumGEM-XSingleCell3-5_1000PC_300Tip_FB_FragmentationEnzyme_SE,10.0,10.0,0.0,0.0,10.0,2.0,2.0,0.0,5.0,100.0,0.0,0.0,10.0,2.0,1.0,0.0,5
NEBNext_RNA_II_50F_FirstStrandcDnaSynth_MM_DispenseSurface_Empty,10.0,16.0,1.0,3.0,50.0,1.0,0.0,0.0,5.0,16.0,1.0,3.0,5.0,1.0,1.0,0.0,5
NEBNext_RNA_II_50F_FisrtStrandRandomPrimers2X_SurfaceEmpty,10.0,30.0,1.0,0.0,30.0,1.0,0.0,0.0,10.0,30.0,1.0,0.0,5.0,2.0,2.0,0.0,5
10x_ChromiumGEM-XSingleCell3-5_1000PC_300Tip_FB_LibrayAmpMix_SE,10.0,50.0,0.5,0.0,10.0,2.5,5.0,0.5,5.0,50.0,0.5,0.0,10.0,2.0,1.0,0.0,5
10x_ChromiumGEM-XSingleCell3-5_1000MPH_300Tip_FB_BufferEB_SE,10.0,10.0,0.5,0.0,2.0,1.0,0.0,0.0,10.0,50.0,0.5,0.0,5.0,3.0,1.0,0.0,5
10x_ChromiumGEM-XSingleCell3-5_1000MPH_300Tip_FB_EtOHWaste_JE,10.0,150.0,0.0,0.0,5.0,3.0,0.0,0.0,200.0,1.0,10.0,0.0,1.0,0.0,200.0,5.0,3
10x_ChromiumGEM-XSingleCell3-5_1000MPH_300Tip_FB_LibrayAmpMix_SE,10.0,50.0,0.5,0.0,10.0,2.5,5.0,0.5,5.0,50.0,0.5,0.0,10.0,2.0,1.0,0.0,5
Roche_AVENIO_CGP_300F_CaptureBeadsSupernatant_JetEmpty,10.0,100.0,5.0,0.0,160.0,0.0,2.0,0.0,400.0,1.0,5.0,0.0,1.0,0.0,5.0,0.0,3
Roche_AVENIO_CGP_300F_HybridizationReaction_SurfaceEmpty,10.0,255.0,1.0,5.0,5.0,3.0,0.0,0.0,10.0,1.0,1.0,5.0,5.0,2.0,5.0,0.0,5
Roche_AVENIO_CGP_300F_SupernatantHybWashBuffer1_JetEmpty,10.0,100.0,5.0,0.0,160.0,0.0,2.0,0.0,400.0,1.0,5.0,0.0,1.0,0.0,5.0,0.0,3
Roche_AVENIO_CGP_300F_SupernatantHybWashBuffer2_JetEmpty,10.0,100.0,5.0,0.0,160.0,0.0,2.0,0.0,400.0,1.0,5.0,0.0,1.0,0.0,5.0,0.0,3
Roche_AVENIO_CGP_300F_SupernatantHybWashBuffer3_JetEmpty,10.0,100.0,5.0,0.0,160.0,0.0,2.0,0.0,400.0,1.0,5.0,0.0,1.0,0.0,5.0,0.0,3
Roche_AVENIO_CGP_300F_SupernatantStringentWashBuffer_JetEmpty,10.0,100.0,5.0,0.0,160.0,0.0,2.0,0.0,400.0,1.0,5.0,0.0,1.0,0.0,5.0,0.0,3
Roche_AVENIO_CGP_300F_Supernatant_JetEmpty,10.0,100.0,5.0,0.0,160.0,0.0,2.0,0.0,400.0,1.0,5.0,0.0,1.0,0.0,5.0,0.0,3
Roche_AVENIO_CGP_50F_UniversalAdapter_SurfaceEmpty,10.0,75.0,1.0,3.0,1.0,1.0,0.0,0.0,20.0,75.0,1.0,3.0,4.0,0.0,1.0,0.0,5
Tip_50ulFilter_DNA_DispenseSurface_Empty,10.0,100.0,0.0,1.0,2.0,1.0,0.0,0.0,10.0,100.0,0.0,1.0,2.0,0.0,1.0,0.0,5
Tip_50ulFilter_Water_DispenseSurface_Empty_IndexAVR,10.0,75.0,0.0,2.0,2.0,1.0,0.0,0.0,120.0,75.0,0.0,2.0,2.0,0.0,1.0,0.0,5
Roche_AVENIO_CGP_50F_HybridizationMasterMix_SurfaceEmpty,12.0,75.0,1.0,0.0,4.0,1.0,0.0,0.0,12.0,75.0,1.0,0.0,4.0,1.0,1.0,0.0,5
Roche_AVENIO_CGP_50F_PCRMasterMix_SurfaceEmpty,12.0,75.0,1.0,0.0,4.0,1.0,0.0,0.0,12.0,75.0,1.0,0.0,4.0,1.0,1.0,0.0,5
Roche_AVENIO_CGP_50F_PCRReactionMix_SurfaceEmpty,12.0,75.0,1.0,0.0,4.0,1.0,0.0,0.0,12.0,75.0,1.0,0.0,4.0,1.0,1.0,0.0,5
Roche_AVENIO_CGP_50F_TransferPreCaptureReaction_SurfaceEmpty,12.0,75.0,1.0,0.0,4.0,1.0,0.0,0.0,12.0,75.0,1.0,0.0,4.0,1.0,1.0,0.0,5
Qiagen_QIAseqTargetedDNAProPanel_1000PC_50Tip_FB_FFPEDNARepair_SE_20240626,15.0,110.0,2.0,2.0,10.0,1.0,0.0,0.0,10.0,60.0,0.0,2.0,10.0,0.0,1.0,0.0,5
10x_ChromiumGEM-XSingleCell3-5_1000PC_300Tip_FB_BufferEBMM_SE,15.0,15.0,0.5,0.0,20.0,1.0,0.0,0.0,15.0,15.0,0.5,0.0,20.0,3.0,1.0,0.0,5
QIAseqRNAFusionXPPanels_50F_CleanSample_SlowerAspiration_SurfaceEmpty,15.0,150.0,0.0,0.0,15.0,0.0,0.0,5.0,100.0,150.0,0.0,0.0,10.0,0.0,1.0,0.0,5
QIAseqRNAFusionXPPanels_50F_ElutedDNA_SlowAsp_DispenseSurface_Empty,15.0,75.0,0.0,0.0,15.0,0.0,0.0,0.0,100.0,75.0,0.0,0.0,10.0,0.0,1.0,0.0,5
QIAseqRNAFusionXPPanels_MPH_300F_Supernatant_DispenseJet,15.0,100.0,5.0,10.0,2.0,1.0,0.0,0.0,180.0,100.0,5.0,10.0,2.0,0.0,100.0,0.0,3
Roche_AVENIO_CGP_50F_DNAPrepMasterMix_SurfaceEmpty,15.0,20.0,1.0,1.0,4.0,1.0,0.0,0.0,15.0,20.0,1.0,1.0,4.0,1.0,1.0,0.0,5
RNAMessenger_50F_CleanSample_JetEmpty,15.0,75.0,0.0,5.0,2.0,0.0,0.0,0.0,60.0,75.0,0.0,5.0,4.0,0.0,60.0,0.0,3
RNAMessenger_50F_ElutedBeads_JetEmpty,15.0,75.0,5.0,5.0,2.0,0.0,0.0,0.0,60.0,75.0,5.0,5.0,4.0,0.0,60.0,0.0,3
RNAMessenger_50F_FragmentationMM_JetEmpty,15.0,75.0,0.0,5.0,2.0,0.0,0.0,0.0,60.0,75.0,0.0,5.0,4.0,0.0,60.0,0.0,3
RNAMessenger_50F_RSB_JetEmpty,15.0,75.0,0.0,5.0,2.0,0.0,0.0,0.0,60.0,75.0,0.0,5.0,4.0,0.0,60.0,0.0,3
NEBNext_RNA_II_50F_DoubleStranDNAElution_MPH_SurfaceEmpty,17.0,75.0,3.0,3.0,10.0,2.0,0.0,0.0,60.0,75.0,3.0,3.0,10.0,1.0,1.0,0.0,5
NEBNext_RNA_II_50F_DoubleStranDNAElution_SurfaceEmpty,17.0,75.0,3.0,4.0,10.0,2.0,0.0,0.0,30.0,75.0,3.0,4.0,10.0,2.0,1.0,0.0,5
Qiagen_QIAseqTargetedDNAProPanel_1000PC_50Tip_FB_FFPEFragmentation_SE_20240709,20.0,110.0,1.0,3.0,10.0,0.0,0.0,0.0,1.0,60.0,0.0,3.0,5.0,0.0,1.0,0.0,5
Qiagen_QIAseqTargetedDNAProPanel_1000PC_50Tip_FB_StandardFragmentation_SE_20240709,20.0,110.0,1.0,4.0,20.0,0.0,0.0,0.0,3.0,60.0,0.0,4.0,5.0,0.0,20.0,0.0,5
Qiagen_QIAseqTargetedDNAProPanel_1000PC_50Tip_FB_cfDNAFragmentation_SE_20240710,20.0,110.0,1.0,4.0,20.0,0.0,0.0,0.0,3.0,60.0,0.0,4.0,5.0,0.0,20.0,0.0,5
PacBio_HighVolume_SupernatantRemovalSecond_JetEmpty,20.0,20.0,5.0,0.0,10.0,1.0,0.0,0.0,300.0,1.0,5.0,0.0,50.0,0.0,300.0,0.0,3
PacBio_SVF_SupernatantRemovalFirst_JetEmpty,20.0,20.0,5.0,10.0,10.0,1.0,0.0,0.0,300.0,1.0,5.0,10.0,50.0,0.0,300.0,0.0,3
10x_ChromiumGEM-XSingleCell3-5_1000MPH_300Tip_FB_SupernatantWaste_JE,20.0,150.0,8.0,30.0,50.0,0.0,0.0,0.0,100.0,1.0,8.0,30.0,1.0,0.0,200.0,5.0,3
10x_ChromiumGEM-XSingleCell3-5_1000PC_300Tip_FB_DualIndexTTSetA_SE,20.0,75.0,0.0,2.0,2.0,2.0,2.0,0.0,75.0,75.0,0.0,2.0,2.0,0.0,1.0,0.0,5
10x_ChromiumGEM-XSingleCell3-5_1000PC_300Tip_FB_FragmentationMix_SE,20.0,50.0,0.5,0.0,10.0,1.0,0.0,0.0,20.0,20.0,0.5,0.0,10.0,3.0,1.0,0.0,5
Kapa_50F_UDIPrimers_SurfaceEmpty,20.0,50.0,0.0,1.0,2.0,1.0,0.0,0.0,100.0,50.0,0.0,1.0,2.0,1.0,1.0,0.0,5
NEBNext_DNA_II_SVF_AdaptorLigationMasterMix_SurfaceEmpty,20.0,60.0,0.0,5.0,5.0,1.0,0.0,0.0,20.0,60.0,0.0,5.0,5.0,2.0,10.0,0.0,5
ON_LSK109_50F_LigationReagentMasterMix_SurfaceEmpty,20.0,20.0,4.0,5.0,2.0,2.0,2.0,0.0,20.0,20.0,4.0,5.0,2.0,3.0,1.0,0.0,5
ON_LSK109_50F_MPH_FinalResuspensionBuffer_SurfaceEmpty,20.0,50.0,0.0,2.0,2.0,1.0,0.0,0.0,100.0,50.0,0.0,2.0,2.0,1.0,1.0,0.0,5
ON_LSK109_MPH_SVF_1stSupernatentToWaste_JetEmpty,20.0,100.0,5.0,30.0,1.0,1.0,0.0,0.0,400.0,1.0,5.0,30.0,1.0,0.0,100.0,0.0,3
ON_LSK109_SVF_1stSupernatentToWaste_JetEmpty,20.0,100.0,5.0,30.0,1.0,1.0,0.0,0.0,400.0,1.0,5.0,30.0,1.0,0.0,100.0,0.0,3
10x_ChromiumGEM-XSingleCell3-5_1000MPH_300Tip_FB_AdaptorLigationMix_SE,20.0,50.0,0.5,0.0,10.0,2.0,2.0,0.0,10.0,50.0,0.5,0.0,10.0,2.0,10.0,0.0,5
10x_ChromiumGEM-XSingleCell3-5_1000MPH_300Tip_FB_FragmentationMix_SE,20.0,50.0,0.5,0.0,10.0,1.0,0.0,0.0,20.0,20.0,0.5,0.0,10.0,3.0,1.0,0.0,5
Remove Supernatant,20.0,150.0,8.0,40.0,30.0,1.0,0.0,0.0,300.0,10.0,5.0,40.0,1.0,0.0,150.0,0.0,3
Roche_AVENIO_CGP_300F_LigationReaction_SurfaceEmpty,20.0,75.0,0.0,5.0,2.0,0.0,0.0,0.0,20.0,75.0,0.0,5.0,2.0,0.0,1.0,0.0,5
Roche_AVENIO_CGP_50F_TumorTissuePanel_SurfaceEmpty,20.0,75.0,1.0,3.0,1.0,1.0,0.0,0.0,20.0,75.0,1.0,3.0,4.0,0.0,1.0,0.0,5
RNAMessenger_50F_BBB_JetEmpty,20.0,50.0,5.0,30.0,5.0,0.5,2.0,0.0,120.0,150.0,5.0,30.0,5.0,0.0,120.0,0.0,3
RNAMessenger_SVF_EtOHWaste_JetEmpty,20.0,100.0,15.0,10.0,50.0,0.0,0.0,0.0,180.0,1.0,15.0,10.0,1.0,0.0,180.0,0.0,3
TruSeq_SVF_EthanolSupernatantToWaste_JetEmpty,20.0,100.0,5.0,50.0,100.0,0.0,0.0,0.0,180.0,1.0,5.0,50.0,1.0,0.0,100.0,0.0,3
KAPA_EvoPlus_50FilterBlack_IlluminaLibraryAmpPrimers_SurfaceEmpty,20.0,75.0,0.0,0.8,2.0,1.0,0.0,0.0,20.0,75.0,0.0,0.8,2.0,1.0,1.0,0.0,5
KAPA_EvoPlus_50FilterBlack_KAPAUDIAdapters_SurfaceEmpty,20.0,75.0,0.0,2.0,2.0,1.0,0.0,0.0,20.0,75.0,0.0,2.0,2.0,1.0,1.0,0.0,5
KAPA_EvoPlus_50FilterBlack_MPH_IlluminaLibraryAmpPrimers_SurfaceEmpty,20.0,75.0,0.0,0.8,2.0,1.0,0.0,0.0,20.0,75.0,0.0,0.8,2.0,1.0,1.0,0.0,5
KAPA_EvoPlus_50FilterBlack_MPH_KAPAUDIAdapters_SurfaceEmpty,20.0,75.0,0.0,2.0,2.0,1.0,0.0,0.0,20.0,75.0,0.0,2.0,2.0,1.0,1.0,0.0,5
Tip_50ulFilter_Water_DispenseSurface_Empty_RemoveBuffer,20.0,75.0,2.0,1.0,4.0,1.0,0.0,0.0,120.0,75.0,2.0,1.0,10.0,0.0,1.0,0.0,5
QIAseqTargetedDNAProPanel_50F_RxnTransfer_DispenseSurface_Empty,25.0,110.0,0.0,2.0,2.0,2.0,0.0,0.0,75.0,110.0,0.0,2.0,20.0,0.0,1.0,0.0,5
SureSelectXT_50F_EthanolResidual_DispenseJet_Empty,25.0,50.0,2.0,0.0,3.0,0.0,0.0,0.0,400.0,75.0,2.0,0.0,4.0,0.0,1.0,0.0,3
Kapa_50F_HyperPrepHyperPlus_ERATMasterMix_SurfaceEmpty,25.0,125.0,0.0,2.0,5.0,0.0,1.0,0.0,25.0,125.0,0.0,2.0,5.0,0.0,5.0,0.0,5
Kapa_50F_HyperPrepHyperPlus_FragMasterMix_SurfaceEmpty,25.0,125.0,1.0,1.0,10.0,1.0,1.0,0.0,25.0,50.0,0.0,1.0,10.0,1.0,1.0,0.0,5
NEBNext_DNA_II_50F_DilutedAdapter_SurfaceEmpty,25.0,50.0,0.0,5.0,2.0,1.0,1.0,0.0,25.0,10.0,0.0,5.0,5.0,2.0,10.0,0.0,5
NEBNext_DNA_II_50F_UserEnzyme_SurfaceEmpty,25.0,15.0,0.0,2.0,2.0,2.0,0.0,0.0,25.0,50.0,0.0,2.0,2.0,1.0,2.0,0.0,5
NEBNext_EMseq_50F_AdaptorLigation_MasterMix_SurfaceEmpty,25.0,75.0,2.0,2.0,2.0,1.0,0.0,0.0,25.0,60.0,2.0,2.0,2.0,1.0,10.0,0.0,5
NEBNext_EMseq_50F_Deamination_MasterMix_SurfaceEmpty,25.0,75.0,2.0,2.0,2.0,1.0,0.0,0.0,25.0,60.0,2.0,2.0,2.0,1.0,10.0,0.0,5
QIAseqRNAFusionXPPanels_MPH_50F_CleanSample_SurfaceEmpty,25.0,75.0,0.0,1.0,2.0,1.0,0.0,0.0,120.0,75.0,0.0,1.0,2.0,0.0,1.0,0.0,5
Roche_AVENIO_CGP_1000F_WashBuffer1_JetPart,25.0,350.0,10.0,0.0,5.0,2.0,0.0,0.0,35.0,1.0,10.0,0.0,1.0,0.0,1.0,0.0,2
Roche_AVENIO_CGP_1000F_WashBuffer1_SurfacePart,25.0,350.0,10.0,0.0,5.0,2.0,0.0,0.0,35.0,1.0,10.0,0.0,1.0,0.0,1.0,0.0,4
10x_ChromiumGEM-XSingleCell3-5_1000PC_300Tip_FB_BufferEBPlate_JE,30.0,30.0,5.0,30.0,2.0,1.0,0.0,0.0,30.0,1.0,5.0,30.0,1.0,0.0,100.0,0.0,3
10x_ChromiumGEM-XSingleCell3-5_1000PC_300Tip_FB_FragmentationBuffer_SE,30.0,30.0,0.0,0.0,10.0,2.0,2.0,0.0,30.0,30.0,0.0,0.0,20.0,2.0,5.0,0.0,5
NEBNext_RNA_II_SVF_EthanolToWaste_JetEmpty_V2,30.0,100.0,10.0,0.0,100.0,0.0,0.0,0.0,350.0,1.0,10.0,0.0,1.0,0.0,100.0,0.0,3
NEBNext_RNA_II_SVF_EthanolToWaste_MPH_JetEmpty_V2,30.0,100.0,10.0,0.0,100.0,0.0,0.0,0.0,350.0,1.0,10.0,0.0,1.0,0.0,100.0,0.0,3
10x_ChromiumGEM-XSingleCell3-5_1000PC_300Tip_FB_LigationMix_SE,30.0,30.0,0.0,0.0,10.0,2.0,2.0,0.0,15.0,15.0,0.0,0.0,10.0,2.0,5.0,0.0,5
NEBNext_RNA_II_50F_DNASEIDigestionMastermix_SurfaceEmpty,30.0,30.0,5.0,7.0,50.0,1.0,1.0,0.0,20.0,30.0,5.0,7.0,5.0,2.0,20.0,0.0,5
KitName_SVF_EthanolToWaste_JetEmpty,30.0,100.0,10.0,0.0,100.0,0.0,0.0,0.0,350.0,1.0,10.0,0.0,1.0,0.0,100.0,0.0,3
KitName_SVF_MPH_EthanolToWaste_JetEmpty,30.0,100.0,10.0,0.0,100.0,0.0,0.0,0.0,350.0,1.0,10.0,0.0,1.0,0.0,100.0,0.0,3
KitName_SVF_MPH_SupernatantToWaste_JetEmpty,30.0,100.0,5.0,30.0,2.0,1.0,0.0,0.0,180.0,1.0,5.0,30.0,1.0,0.0,100.0,0.0,3
KitName_SVF_SupernatantToWaste_JetEmpty,30.0,450.0,5.0,30.0,2.0,1.0,0.0,0.0,400.0,1.0,5.0,30.0,1.0,0.0,250.0,0.0,3
ON_LSK109_50F_FinalResuspensionBuffer_SurfaceEmpty,30.0,50.0,0.0,2.0,2.0,1.0,0.0,0.0,100.0,50.0,0.0,2.0,2.0,1.0,1.0,0.0,5
ON_LSK109_50F_MPH_EluateSampleTransfer_SurfaceEmpty,30.0,50.0,0.0,2.0,2.0,1.0,0.0,0.0,100.0,50.0,0.0,2.0,2.0,1.0,1.0,0.0,5
NEBNext_DNA_II_SVF_MPH_EthanolToWaste_JetEmpty,30.0,100.0,10.0,0.0,100.0,0.0,0.0,0.0,350.0,1.0,10.0,0.0,1.0,0.0,100.0,0.0,3
NEBNext_EMseq_300F_CleanUp_EthanolToWaste2ndAspiration_JetEmpty,30.0,100.0,10.0,0.0,100.0,0.0,0.0,0.0,350.0,1.0,10.0,0.0,1.0,0.0,100.0,0.0,3
NEBNext_EMseq_300F_CleanUp_SupernatantToWaste_JetEmpty,30.0,100.0,5.0,30.0,50.0,1.0,0.0,0.0,250.0,1.0,5.0,30.0,1.0,0.0,100.0,0.0,3
QIAseqRNAFusionXPPanels_MPH_300F_EthanolSupernatant_JetEmpty,30.0,100.0,10.0,0.0,100.0,0.0,0.0,0.0,350.0,1.0,10.0,0.0,1.0,0.0,100.0,0.0,3
Roche_AVENIO_CGP_300F_EthanolToWaste_JetEmpty,30.0,100.0,10.0,0.0,100.0,0.0,0.0,0.0,350.0,1.0,10.0,0.0,1.0,0.0,100.0,0.0,3
KAPA_EvoPlus_300FilterBlack_50ulSamplestoMidi_SurfaceEmpty,30.0,50.0,1.0,0.0,2.0,1.0,0.0,0.0,30.0,50.0,1.0,0.0,2.0,1.0,5.0,0.0,5
KAPA_EvoPlus_50FilterBlack_LigationReadyMix_SurfaceEmpty,30.0,75.0,0.0,2.7,1.0,1.0,0.0,0.0,30.0,150.0,0.0,2.7,1.0,1.0,1.0,0.0,5
KAPA_EvoPlus_50FilterBlack_MPH_LigationReadyMix_SurfaceEmpty,30.0,75.0,0.0,2.7,1.0,1.0,0.0,0.0,30.0,150.0,0.0,2.7,1.0,1.0,1.0,0.0,5
OspFerrara_Tip_50ulFilter_Water_DispenseSurface_Empty_Blowout,30.0,75.0,0.0,5.0,2.0,2.0,2.0,0.0,120.0,75.0,0.0,5.0,2.0,0.0,1.0,0.0,5
NEBNext_RNA_II_SVF_SampleTransferDoubleStrandDNA_SurfaceEmpty,40.0,100.0,5.0,8.0,2.0,1.0,5.0,0.0,50.0,100.0,5.0,8.0,2.0,2.0,5.0,0.0,5
NEBNext_RNA_II_SVF_SampleTransferRNApurification_SurfaceEmpty,40.0,100.0,5.0,8.0,2.0,1.0,5.0,0.0,50.0,100.0,5.0,8.0,2.0,2.0,5.0,0.0,5
NEBNext_EMseq_300F_CleanUp_SampleTransfer_SurfaceEmpty,40.0,20.0,3.0,5.0,2.0,2.0,10.0,0.0,40.0,20.0,3.0,5.0,2.0,2.0,5.0,0.0,5
StandardVolumeFilter_Water_DispenseSurface_Empty_RemoveBuffer,40.0,100.0,30.0,0.0,4.0,2.0,0.0,0.0,120.0,100.0,10.0,0.0,10.0,0.0,5.0,0.0,5
PacBio_50FMPH_IndexAdapters_SurfaceEmpty,45.0,500.0,0.0,10.0,1.0,5.0,2.0,0.0,120.0,500.0,0.0,3.0,1.0,5.0,45.0,0.0,5
QIAseqTargetedDNAProPanel_300FilterBlack_DNAPurificationBeads_SurfaceEmpty,50.0,50.0,5.0,0.0,2.0,0.0,0.0,0.0,50.0,50.0,5.0,0.0,2.0,1.0,1.0,0.0,5
TestLC_ForUnitTests,50.0,40.0,60.0,30.0,40.0,30.0,50.0,70.0,50.0,40.0,60.0,30.0,40.0,30.0,50.0,70.0,3
TestLC_ForUnitTestsSet,50.0,40.0,60.0,30.0,40.0,30.0,50.0,70.0,50.0,50.0,30.0,30.0,50.0,50.0,20.0,50.0,1
TestLCDemoMethod,50.0,50.0,50.0,50.0,50.0,50.0,50.0,50.0,50.0,50.0,50.0,50.0,50.0,50.0,50.0,50.0,4
GetLastLiquidLevel,50.0,50.0,0.0,0.0,2.0,2.0,0.0,0.0,80.0,1.0,0.0,0.0,1.0,0.0,50.0,0.0,3
QIAseqTargetedDNAProPanel_50FilterBlack_AdaptersRAP_SurfaceEmpty,50.0,100.0,0.0,1.0,2.0,1.0,0.0,0.0,120.0,100.0,0.0,1.0,2.0,0.0,1.0,0.0,5
Qiagen_QIAseqTargetedDNAProPanel_1000PC_50Tip_FB_Panel_SE_20240717,50.0,75.0,0.0,2.0,2.0,1.0,1.0,0.0,50.0,75.0,0.0,2.0,2.0,0.0,1.0,0.0,5
PacBio_50F_NucleaseTreatmentMix_SurfaceEmpty,50.0,80.0,0.0,1.0,2.0,1.0,0.0,0.0,30.0,80.0,0.0,1.0,4.0,1.0,1.0,0.0,5
PacBio_50F_NucleaseTreatmentMix_SurfaceEmpty_v2,50.0,75.0,0.0,1.0,2.0,1.0,0.0,0.0,30.0,75.0,0.0,1.0,4.0,1.0,1.0,0.0,5
PacBio_SVF_ProNexPurificationBeads_SurfaceEmpty_Prewet_v3,50.0,75.0,10.0,15.0,2.0,1.0,0.0,0.0,30.0,75.0,10.0,15.0,1.0,0.0,30.0,0.0,5
SureSelectXT_300F_QuantIT_SurfaceEmpty,50.0,100.0,5.0,0.0,160.0,0.0,5.0,0.0,120.0,100.0,5.0,0.0,160.0,0.0,5.0,0.0,5
SureSelectXT_300F_SampleForAmplify2_96Head_DispenseSurface_Empty,50.0,60.0,5.0,0.0,2.0,1.0,5.0,0.0,50.0,100.0,5.0,0.0,2.0,0.5,5.0,0.0,5
SureSelectXT_300F_SampleForCapture_96Head_DispenseSurface_Empty,50.0,60.0,5.0,0.0,2.0,1.0,5.0,0.0,50.0,100.0,5.0,0.0,2.0,0.5,5.0,0.0,5
SureSelectXT_50F_AdenylateRxnMix_DispenseSurface_Empty,50.0,75.0,2.0,0.0,2.0,1.0,0.0,0.0,100.0,75.0,0.0,0.0,2.0,1.0,1.0,0.0,5
SureSelectXT_50F_BlockMix_DispenseSurface_Empty,50.0,75.0,2.0,0.0,2.0,1.0,0.0,0.0,100.0,75.0,0.0,0.0,2.0,1.0,1.0,0.0,5
NEBNext_RNA_II_SVF_SecondStrandcDnaSynth_MM_DispenseSurface_Empty,50.0,70.0,3.0,3.0,50.0,1.0,0.0,0.0,50.0,70.0,3.0,3.0,20.0,1.0,2.0,0.0,5
Kapa_50F_Adapters_SurfaceEmpty,50.0,75.0,0.0,1.0,2.0,1.0,0.0,0.0,120.0,75.0,0.0,1.0,2.0,0.0,1.0,0.0,5
SureSelectXT_50F_LigationRxnMix_DispenseSurface_Empty,50.0,75.0,2.0,0.0,2.0,1.0,0.0,0.0,100.0,75.0,0.0,0.0,2.0,1.0,1.0,0.0,5
SureSelectXT_50F_Primers_DispenseSurface_Empty,50.0,75.0,0.0,3.0,2.0,1.0,1.0,0.0,110.0,10.0,0.0,3.0,2.0,0.0,75.0,0.0,5
Kapa_50F_HyperPrepHyperPlus_PCRMasterMix_SurfaceEmpty,50.0,75.0,2.0,1.0,2.0,1.0,0.0,0.0,50.0,75.0,2.0,1.0,4.0,0.0,1.0,0.0,5
Kapa_SVF_HyperPrepHyperPlus_LigationMix_SurfaceEmpty,50.0,125.0,1.0,2.0,1.0,1.0,0.0,0.0,50.0,125.0,1.0,2.0,3.0,1.0,1.0,0.0,5
Kapa_SVF_SampleForCleanup_SurfaceEmpty,50.0,100.0,5.0,3.0,2.0,1.0,5.0,0.0,120.0,100.0,5.0,3.0,5.0,0.0,5.0,0.0,5
NEBNext_DNA_II_50F_Adapters_SurfaceEmpty,50.0,75.0,0.0,1.0,2.0,1.0,0.0,0.0,120.0,75.0,0.0,1.0,2.0,0.0,1.0,0.0,5
NEBNext_DNA_II_50F_EndPreparation_MasterMix,50.0,75.0,2.0,0.0,2.0,1.0,0.0,0.0,80.0,75.0,2.0,0.0,2.0,1.0,1.0,0.0,5
ON_LSK109_MPH_SVF_FragmentBuffer_SurfaceEmpty,50.0,100.0,5.0,5.0,2.0,1.0,5.0,0.0,50.0,100.0,5.0,5.0,2.0,0.0,5.0,0.0,5
ON_LSK109_MPH_SVF_SampleForCleanup_SurfaceEmpty,50.0,20.0,5.0,5.0,2.0,1.0,5.0,0.0,50.0,30.0,5.0,5.0,2.0,0.0,5.0,0.0,5
ON_LSK109_SVF_AdapterLigationMasterMixMixing_SurfaceEmpty,50.0,20.0,5.0,5.0,2.0,1.0,5.0,0.0,50.0,30.0,5.0,5.0,2.0,0.0,5.0,0.0,5
ON_LSK109_SVF_DNARepairAndEndPrepMasterMixMixing_SurfaceEmpty,50.0,20.0,5.0,5.0,2.0,1.0,5.0,0.0,50.0,30.0,5.0,5.0,2.0,0.0,5.0,0.0,5
ON_LSK109_SVF_FragmentBuffer_SurfaceEmpty,50.0,100.0,5.0,5.0,2.0,1.0,5.0,0.0,50.0,100.0,5.0,5.0,2.0,0.0,5.0,0.0,5
ON_LSK109_SVF_SampleForCleanup_SurfaceEmpty,50.0,20.0,5.0,5.0,2.0,1.0,5.0,0.0,50.0,30.0,5.0,5.0,2.0,0.0,5.0,0.0,5
QIAseqRNAFusionXPPanels_300F_FirstStrandSynthesisMixMixing_DispenseSurface_Empty,50.0,200.0,1.0,2.0,2.0,2.0,0.0,2.0,120.0,200.0,1.0,2.0,2.0,0.0,5.0,0.0,5
QIAseqRNAFusionXPPanels_300F_UPCRReaction_DispenseSurface_Empty,50.0,200.0,1.0,2.0,2.0,2.0,0.0,2.0,120.0,200.0,1.0,2.0,2.0,0.0,5.0,0.0,5
QIAseqRNAFusionXPPanels_50F_EtOH_DispenseJet_Empty,50.0,50.0,2.0,50.0,50.0,0.0,2.0,0.0,400.0,75.0,3.0,50.0,4.0,0.0,1.0,0.0,3
Enzymes_and_Primers,50.0,75.0,1.0,2.0,6.0,1.0,1.0,0.0,60.0,75.0,1.0,2.0,6.0,1.0,1.0,0.0,5
Roche_AVENIO_CGP_1000F_BeadWashBuffer_JetPart,50.0,40.0,10.0,2.0,5.0,1.0,0.0,0.0,100.0,1.0,10.0,0.0,1.0,0.0,1.0,0.0,2
Roche_AVENIO_CGP_1000F_WashBuffer2_JetPart,50.0,350.0,10.0,0.0,5.0,2.0,0.0,0.0,100.0,1.0,10.0,0.0,1.0,0.0,1.0,0.0,2
Roche_AVENIO_CGP_1000F_WashBuffer3_JetPart,50.0,350.0,10.0,0.0,5.0,2.0,0.0,0.0,100.0,1.0,10.0,0.0,1.0,0.0,1.0,0.0,2
Roche_AVENIO_CGP_300F_BeadWashBuffer_JetPart,50.0,40.0,5.0,2.0,5.0,1.0,0.0,0.0,50.0,1.0,5.0,0.0,1.0,0.0,1.0,0.0,2
Roche_AVENIO_CGP_50F_FragmentationMasterMix_SurfaceEmpty,50.0,75.0,2.0,3.0,2.0,1.0,0.0,0.0,30.0,75.0,2.0,0.0,2.0,1.0,1.0,0.0,5
Roche_AVENIO_CGP_50F_PolishingMix_SurfaceEmpty,50.0,100.0,2.0,3.0,2.0,1.0,0.0,0.0,80.0,100.0,2.0,2.0,2.0,1.0,1.0,0.0,5
RNAMessenger_50F_ATL4_SurfaceEmpty,50.0,75.0,0.0,0.0,2.0,1.0,0.0,0.0,100.0,75.0,0.0,0.0,2.0,1.0,1.0,0.0,5
RNAMessenger_50F_Adapters_SurfaceEmpty,50.0,100.0,0.0,1.0,2.0,1.0,0.0,0.0,120.0,100.0,0.0,1.0,2.0,0.0,1.0,0.0,5
RNAMessenger_50F_RNAIndexAnchors_SurfaceEmpty,50.0,100.0,0.0,1.0,2.0,1.0,0.0,0.0,120.0,100.0,0.0,1.0,2.0,0.0,1.0,0.0,5
Nextera_CEX_DEX_50F_SurfaceEmpty,50.0,75.0,0.0,1.0,2.0,1.0,0.0,0.0,120.0,75.0,0.0,1.0,2.0,0.0,1.0,0.0,5
TruSeq_50F_ATL_SurfaceEmpty,50.0,75.0,0.0,0.0,2.0,1.0,0.0,0.0,100.0,75.0,0.0,0.0,2.0,1.0,1.0,0.0,5
TruSeq_50F_AdaptersRAP_SurfaceEmpty,50.0,75.0,0.0,1.0,2.0,0.0,0.0,0.0,120.0,75.0,0.0,1.0,2.0,0.0,1.0,0.0,5
TruSeq_50F_Adapters_SurfaceEmpty,50.0,75.0,0.0,1.0,2.0,1.0,0.0,0.0,120.0,75.0,0.0,1.0,2.0,0.0,1.0,0.0,5
TruSeq_50F_EtOH_JetEmpty,50.0,50.0,2.0,50.0,50.0,0.0,0.0,0.0,400.0,75.0,3.0,50.0,4.0,0.0,1.0,0.0,3
TruSeq_50F_LIG_SurfaceEmpty,50.0,75.0,0.0,0.0,1.0,1.0,0.0,0.0,100.0,75.0,0.0,0.0,1.0,1.0,1.0,0.0,5
KAPA_EvoPlus_50FilterBlack_FragTailReadyMix_SurfaceEmpty,50.0,75.0,0.0,2.0,2.0,2.0,0.0,0.0,30.0,50.0,0.0,2.0,2.0,2.0,10.0,0.0,5
KAPA_EvoPlus_50FilterBlack_KAPAHyperPureBeadsSS1_SurfaceEmpty,50.0,50.0,1.0,0.0,5.0,1.5,5.0,0.0,60.0,60.0,0.0,0.0,5.0,2.0,1.0,0.0,5
KAPA_EvoPlus_50FilterBlack_KAPAHyperPureBeadsSS2_SurfaceEmpty,50.0,50.0,1.0,0.0,5.0,1.5,5.0,0.0,60.0,60.0,0.0,0.0,5.0,2.0,1.0,0.0,5
KAPA_EvoPlus_50FilterBlack_KAPAHyperPurebeadstoSamples_SurfaceEmpty,50.0,50.0,0.0,0.0,5.0,1.5,5.0,0.0,60.0,60.0,0.0,0.0,5.0,2.0,1.0,0.0,5
KAPA_EvoPlus_50FilterBlack_MPH_FragTailReadyMix_SurfaceEmpty,50.0,75.0,0.0,2.0,2.0,1.0,0.0,0.0,30.0,150.0,0.0,2.0,2.0,1.0,10.0,0.0,5
KAPA_EvoPlus_50FilterBlack_MPH_SampleLibrariestoPCRPlate_SurfaceEmpty,50.0,100.0,0.0,0.0,2.0,1.0,0.0,0.0,50.0,150.0,0.0,0.0,2.0,1.0,5.0,0.0,5
KAPA_EvoPlus_50FilterBlack_SampleLibrariestoPCRPlate_SurfaceEmpty,50.0,100.0,0.0,0.0,2.0,1.0,0.0,0.0,50.0,150.0,0.0,0.0,2.0,1.0,5.0,0.0,5
KAPA_EvoPlus_50FilterBlack_TristoMidi_SurfaceEmpty,50.0,100.0,0.0,0.0,5.0,1.0,0.0,0.0,50.0,150.0,0.0,0.0,5.0,1.0,5.0,0.0,5
QIAseqTargetedDNAProPanel_300FilterBlack_EthanolRemoval_MPH_JetEmpty,60.0,20.0,7.0,1.0,15.0,1.0,0.0,0.0,180.0,150.0,7.0,1.0,15.0,2.0,100.0,0.0,3
QIAseqTargetedDNAProPanel_300FilterBlack_SupernatantRemoval_MPH_JetEmpty,60.0,20.0,7.0,1.0,15.0,1.0,0.0,0.0,180.0,150.0,20.0,1.0,15.0,2.0,100.0,0.0,3
Qiagen_QIAseqTargetedDNAProPanel_1000PC_50Tip_FB_AdapterLigation_SE_20240626,60.0,100.0,5.0,2.0,10.0,2.0,2.0,0.0,40.0,100.0,5.0,2.0,10.0,2.0,1.0,0.0,5
Qiagen_QIAseqTargetedDNAProPanel_1000PC_50Tip_FB_LigationCleanUp_SE_20240710,60.0,75.0,0.0,2.0,2.0,1.0,0.0,0.0,80.0,75.0,0.0,2.0,2.0,0.0,20.0,0.0,5
Qiagen_QIAseqTargetedDNAProPanel_1000PC_50Tip_FB_TEPCRCleanUp_SE_20240717,60.0,75.0,0.0,2.0,2.0,1.0,0.0,0.0,40.0,75.0,0.0,2.0,2.0,0.0,20.0,0.0,5
PacBio_STV_LowTEBuffer_MultiDispense_JetPart,60.0,75.0,5.0,5.0,1.0,0.0,0.0,0.0,100.0,75.0,5.0,0.0,2.0,0.0,1.0,0.0,2
PacBio_SVF_LowTEElutionBuffer_SingleDispense_JetEmpty_v2,60.0,75.0,5.0,10.0,1.0,0.0,0.0,0.0,10.0,75.0,5.0,10.0,2.0,0.0,1.0,0.0,3
PacBio_SVF_EB_SingleDispense_JetEmpty,60.0,75.0,5.0,10.0,2.0,1.0,0.0,0.0,10.0,75.0,5.0,10.0,2.0,0.0,1.0,0.0,3
SureSelectXT_50F_HybridizationMix_96Head_DispenseSurface_Empty,60.0,75.0,1.0,0.0,4.0,1.0,0.0,0.0,60.0,75.0,1.0,0.0,2.0,0.0,1.0,0.0,5
NEBNext_RNA_II_SVF_RSBFragmentationElution_MPH_SurfaceEmpty,60.0,75.0,5.0,5.0,50.0,1.0,0.0,0.0,60.0,75.0,5.0,5.0,50.0,1.0,1.0,0.0,5
NEBNext_RNA_II_SVF_RSBFragmentationElution_SurfaceEmpty,60.0,75.0,1.0,5.0,50.0,1.0,0.0,0.0,60.0,75.0,1.0,5.0,50.0,1.0,1.0,0.0,5
SureSelectXT_50F_QuantITSample_SurfaceEmpty,60.0,75.0,0.0,0.0,2.0,0.0,0.0,0.0,120.0,75.0,0.0,0.0,2.0,0.0,1.0,0.0,5
SureSelectXT_50F_QuantITStandards_SurfaceEmpty,60.0,75.0,0.0,0.0,2.0,0.0,0.0,0.0,120.0,75.0,0.0,0.0,2.0,0.0,1.0,0.0,5
SureSelectXT_50F_SampleForHybridization_DispenseSurface_Empty,60.0,75.0,0.0,0.0,2.0,0.0,0.0,0.0,120.0,75.0,0.0,0.0,2.0,0.0,1.0,0.0,5
SureSelectXT_50F_SampleInRSB_DispenseSurface_Empty,60.0,75.0,0.0,0.0,2.0,0.0,0.0,0.0,120.0,75.0,0.0,0.0,2.0,0.0,1.0,0.0,5
SureSelectXT_50F_WaterElution_DispenseSurface_Empty,60.0,75.0,0.0,0.0,2.0,0.0,0.0,0.0,40.0,75.0,0.0,0.0,2.0,0.0,1.0,0.0,5
KitName_SVF_RSB_SurfaceEmpty,60.0,75.0,5.0,10.0,10.0,2.0,0.0,0.0,60.0,75.0,5.0,10.0,10.0,1.0,1.0,0.0,5
NEBNext_DNA_II_SVF_RSB_SurfaceEmpty,60.0,75.0,5.0,10.0,10.0,2.0,0.0,0.0,60.0,75.0,5.0,10.0,10.0,1.0,1.0,0.0,5
NEBNext_EMseq_50F_CleanUp_ElutionBuffer_SurfaceEmpty,60.0,75.0,0.0,0.0,2.0,0.0,0.0,0.0,120.0,75.0,0.0,0.0,2.0,0.0,1.0,0.0,5
NEBNext_EMseq_50F_Q5U_MasterMix_SurfaceEmpty,60.0,200.0,0.0,2.0,2.0,1.0,0.0,0.0,60.0,200.0,2.0,2.0,2.0,2.0,1.0,0.0,5
RNAMessenger_50F_SMM_SurfaceEmpty,60.0,75.0,0.0,0.0,2.0,1.0,0.0,0.0,75.0,75.0,0.0,0.0,2.0,0.0,1.0,0.0,5
Nextera_TransferSample_50F_SurfaceEmpty,60.0,75.0,0.0,0.0,2.0,0.0,0.0,0.0,120.0,75.0,0.0,0.0,2.0,0.0,1.0,0.0,5
TruSeq_50F_CleanSample_SurfaceEmpty,60.0,75.0,0.0,0.0,2.0,0.0,0.0,0.0,120.0,75.0,0.0,0.0,2.0,0.0,1.0,0.0,5
TruSeq_50F_RSB_SurfaceEmpty,60.0,75.0,0.0,0.0,2.0,0.0,0.0,0.0,120.0,75.0,0.0,0.0,2.0,0.0,1.0,0.0,5
TruSeq_50F_SampleInRSB_SurfaceEmpty,60.0,75.0,0.0,0.0,2.0,0.0,0.0,0.0,120.0,75.0,0.0,0.0,2.0,0.0,1.0,0.0,5
KAPA_EvoPlus_300FilterBlack_MPH_RemoveEthanol_JetEmpty,60.0,20.0,7.0,1.0,15.0,1.0,0.0,0.0,180.0,150.0,7.0,1.0,15.0,2.0,100.0,0.0,3
KAPA_EvoPlus_300FilterBlack_MPH_RemoveSupernatantAmplificationCleanup_JetEmpty,60.0,20.0,7.0,1.0,15.0,1.0,0.0,0.0,180.0,150.0,7.0,1.0,15.0,2.0,100.0,0.0,3
KAPA_EvoPlus_300FilterBlack_MPH_RemoveSupernatantLigationCleanup_JetEmpty,60.0,20.0,7.0,1.0,15.0,1.0,0.0,0.0,180.0,150.0,7.0,1.0,15.0,2.0,100.0,0.0,3
KAPA_EvoPlus_300FilterBlack_MPH_RemoveSupernatantSizeSelection_JetEmpty,60.0,20.0,7.0,1.0,15.0,1.0,0.0,0.0,180.0,150.0,7.0,1.0,15.0,2.0,100.0,0.0,3
KAPA_EvoPlus_300FilterBlack_RemoveEthanol_JetEmpty,60.0,20.0,7.0,1.0,15.0,1.0,0.0,0.0,180.0,150.0,7.0,1.0,15.0,2.0,100.0,0.0,3
KAPA_EvoPlus_300FilterBlack_RemoveSupernatantAmplificationCleanup_JetEmpty,60.0,20.0,7.0,1.0,15.0,1.0,0.0,0.0,180.0,150.0,7.0,1.0,15.0,2.0,100.0,0.0,3
KAPA_EvoPlus_300FilterBlack_RemoveSupernatantLigationCleanup_JetEmpty,60.0,20.0,7.0,1.0,15.0,1.0,0.0,0.0,180.0,150.0,7.0,1.0,15.0,2.0,100.0,0.0,3
KAPA_EvoPlus_300FilterBlack_RemoveSupernatantSizeSelection_JetEmpty,60.0,20.0,7.0,1.0,15.0,1.0,0.0,0.0,180.0,150.0,7.0,1.0,15.0,2.0,100.0,0.0,3
10x_ChromiumGEM-XSingleCell3-5_1000PC_300Tip_FB_LibrayAmpMixMM_SE,70.0,25.0,0.2,2.0,1.0,2.5,5.0,0.5,50.0,25.0,0.2,2.0,1.0,2.0,1.0,0.0,5
NEBNext_DNA_II_SVF_EthanolToWaste_JetEmpty,70.0,100.0,5.0,50.0,100.0,0.0,0.0,0.0,180.0,1.0,5.0,50.0,1.0,0.0,100.0,0.0,3
NEBNext_EMseq_300F_CleanUp_EthanolToWaste_JetEmpty,70.0,100.0,5.0,0.0,10.0,1.0,0.0,0.0,350.0,1.0,5.0,0.0,1.0,0.0,100.0,0.0,3
Qiagen_QIAseqTargetedDNAProPanel_1000PC_50Tip_FB_TEPCR_SE_20240711,75.0,75.0,0.0,2.0,2.0,1.0,2.0,0.0,8.0,75.0,0.0,2.0,2.0,1.0,1.0,0.0,5
0,75.0,100.0,0.0,0.0,100.0,0.0,0.0,3.0,500.0,75.0,0.0,0.0,100.0,0.0,300.0,0.0,5
SureSelectXT_1000F_Waste_DispenseJet_Empty,75.0,100.0,35.0,50.0,100.0,0.5,0.0,0.0,250.0,1.0,5.0,50.0,1.0,0.0,100.0,0.0,3
SureSelectXT_300F_DynaBeads_DispenseSurface_Empty,75.0,120.0,10.0,3.0,2.0,1.0,0.0,0.0,100.0,100.0,0.0,3.0,2.0,1.0,5.0,0.0,5
SureSelectXT_300F_Waste_DispenseJet_Empty,75.0,100.0,15.0,30.0,50.0,0.0,0.0,0.0,180.0,1.0,0.0,30.0,1.0,0.0,100.0,0.0,3
ON_LSK109_MPH_50F_SampleForCleanup_SurfaceEmpty,75.0,75.0,0.0,1.0,2.0,1.0,0.0,0.0,120.0,75.0,0.0,1.0,2.0,0.0,1.0,0.0,5
QIAseqRNAFusionXPPanel_50F_FastSelect_DispenseSurface_Empty,75.0,110.0,0.0,1.0,2.0,1.0,2.0,0.0,75.0,110.0,0.0,1.0,20.0,0.0,1.0,0.0,5
QIAseqRNAFusionXPPanel_50F_SPEReactionMix_DispenseSurface_Empty,75.0,110.0,0.0,1.0,2.0,1.0,2.0,0.0,75.0,110.0,0.0,1.0,20.0,0.0,1.0,0.0,5
QIAseqRNAFusionXPPanels_50F_EndRepairATailingMM_DispenseSurface_Empty,75.0,110.0,0.0,1.0,2.0,1.0,2.0,0.0,75.0,110.0,0.0,1.0,20.0,0.0,1.0,0.0,5
QIAseqRNAFusionXPPanels_50F_FirstStrandSynthesisMix_DispenseSurface_Empty,75.0,150.0,0.0,1.0,2.0,1.0,2.0,0.0,75.0,150.0,0.0,1.0,20.0,1.0,1.0,0.0,5
QIAseqRNAFusionXPPanels_50F_SecondStrandSynthesisMix_DispenseSurface_Empty,75.0,110.0,0.0,1.0,2.0,1.0,2.0,0.0,75.0,110.0,0.0,1.0,20.0,0.0,1.0,0.0,5
QIAseq_RNAFusionXP_RPPrimerII_LVF_DispenseSurface_Empty,75.0,110.0,0.0,1.0,2.0,1.0,2.0,0.0,75.0,110.0,0.0,1.0,20.0,0.0,1.0,0.0,5
Roche_AVENIO_CGP_1000F_StringentWashBuffer_SurfacePart,75.0,250.0,5.0,2.0,5.0,1.0,0.0,0.0,100.0,1.0,5.0,0.0,5.0,1.0,1.0,0.0,4
Nextera_EE1_HP3_Mixture_50F_SurfaceEmpty,75.0,75.0,0.0,0.0,4.0,1.0,0.0,0.0,75.0,75.0,0.0,0.0,2.0,0.0,1.0,0.0,5
TruSeq_50F_DTA_SurfaceEmpty,75.0,75.0,0.0,0.0,1.0,1.0,0.0,0.0,75.0,75.0,0.0,0.0,1.0,1.0,1.0,0.0,5
KAPA_EvoPlus_300FilterBlack_75ulSamplestoMidi_SurfaceEmpty,75.0,100.0,2.0,0.0,2.0,1.0,0.0,0.0,75.0,150.0,2.0,0.0,2.0,1.0,5.0,0.0,5
KAPA_EvoPlus_300FilterBlack_MPH_50ulSamplestoMidi_SurfaceEmpty,75.0,100.0,2.0,0.0,2.0,1.0,0.0,0.0,75.0,150.0,2.0,0.0,2.0,1.0,5.0,0.0,5
KAPA_EvoPlus_300FilterBlack_MPH_75ulSamplestoMidi_SurfaceEmpty,75.0,100.0,2.0,0.0,2.0,1.0,0.0,0.0,75.0,150.0,2.0,0.0,2.0,1.0,5.0,0.0,5
HMWSRE_SVF_BufferSRE_DispenseJet_Empty_v4,80.0,100.0,0.0,0.0,2.0,1.0,0.0,0.0,30.0,100.0,10.0,0.0,2.0,1.0,30.0,0.0,5
NEBNext_RNA_II_SVF_SampleTransferDoubleStrandDNA_MPH_SurfaceEmpty,80.0,100.0,5.0,0.0,2.0,1.0,5.0,0.0,120.0,100.0,5.0,0.0,2.0,0.0,5.0,0.0,5
NEBNext_RNA_II_SVF_SampleTransferRNApurification_MPH_SurfaceEmpty,80.0,100.0,5.0,0.0,2.0,1.0,5.0,0.0,120.0,100.0,5.0,0.0,2.0,0.0,5.0,0.0,5
NEBNext_EMseq_50F_EndPrep_MasterMix_SurfaceEmpty,80.0,75.0,0.0,1.0,2.0,2.0,0.0,0.0,80.0,75.0,0.0,1.0,2.0,2.0,2.0,0.0,5
NEBNext_EMseq_50F_Oxidation_MasterMix_SurfaceEmpty,80.0,75.0,2.0,2.0,2.0,1.0,0.0,0.0,120.0,100.0,2.0,2.0,2.0,1.0,10.0,0.0,5
Roche_AVENIO_CGP_300F_LigationMasterMix_SurfaceEmpty,80.0,50.0,2.0,2.0,15.0,1.0,2.0,0.0,120.0,150.0,2.0,2.0,15.0,1.0,1.0,0.0,5
TruSeq_50F_DTE_SurfaceEmpty,80.0,75.0,0.0,0.0,2.0,1.0,1.0,0.0,80.0,75.0,0.0,0.0,2.0,1.0,1.0,0.0,5
KAPA_EvoPlus_300FilterBlack_TristoMidi_SurfaceEmpty,80.0,80.0,0.0,0.0,2.0,1.0,0.0,0.0,80.0,80.0,0.0,0.0,2.0,1.0,5.0,0.0,5
StandardVolumeWideBore155_Water_DispenseSurface_Part,100.0,100.0,0.0,0.0,2.0,1.0,5.0,0.0,120.0,1.0,5.0,0.0,2.0,0.0,5.0,0.0,4
StandardVolumeWideBore155_Filter_Water_DispenseSurface_Part,100.0,100.0,0.0,0.0,2.0,1.0,5.0,0.0,120.0,1.0,5.0,0.0,2.0,0.0,5.0,0.0,4
StandardVolumeWideBore071_Filter_Water_DispenseSurface_Part,100.0,100.0,0.0,0.0,2.0,1.0,5.0,0.0,120.0,1.0,5.0,0.0,2.0,0.0,5.0,0.0,4
StandardVolumeWideBore155_Water_DispenseSurface_Empty,100.0,100.0,5.0,0.0,2.0,1.0,5.0,0.0,120.0,100.0,5.0,0.0,2.0,0.0,5.0,0.0,5
StandardVolumeWideBore155_Filter_Water_DispenseSurface_Empty,100.0,100.0,5.0,0.0,2.0,1.0,5.0,0.0,120.0,100.0,5.0,0.0,2.0,0.0,5.0,0.0,5
StandardVolumeWideBore071_Water_DispenseSurface_Part,100.0,100.0,0.0,0.0,2.0,1.0,5.0,0.0,120.0,1.0,5.0,0.0,2.0,0.0,5.0,0.0,4
StandardVolumeWideBore071_Water_DispenseSurface_Empty,100.0,100.0,5.0,0.0,2.0,1.0,5.0,0.0,120.0,100.0,5.0,0.0,2.0,0.0,5.0,0.0,5
StandardVolumeWideBore071_Filter_Water_DispenseSurface_Empty,100.0,100.0,5.0,0.0,2.0,1.0,5.0,0.0,120.0,100.0,5.0,0.0,2.0,0.0,5.0,0.0,5
Position,100.0,100.0,0.0,0.0,1.0,9.0,0.0,0.0,200.0,1.0,0.0,0.0,1.0,0.0,100.0,0.0,3
QIAseqTargetedDNAProPanel_300FilterBlack_SampleTransfer_MPH_SurfaceEmpty,100.0,100.0,3.0,2.0,5.0,1.0,0.0,0.0,100.0,100.0,3.0,2.0,1.0,1.0,250.0,10.0,5
QIAseqTargetedDNAProPanel_300FilterBlack_Water_JetEmpty_20231212,100.0,100.0,0.0,5.0,2.0,1.0,0.0,0.0,499.0,1.0,2.0,5.0,1.0,0.0,499.0,18.0,3
QIAseqTargetedDNAProPanel_50F_Water_DispenseSurface_Empty,100.0,75.0,0.0,1.0,2.0,1.0,2.0,0.0,120.0,75.0,0.0,1.0,2.0,0.0,1.0,0.0,5
Qiagen_QIAseqTargetedDNAProPanel_1000PC_300Tip_FB_UPCR_SE_20240717,100.0,200.0,3.0,1.0,2.0,1.0,5.0,0.0,70.0,200.0,3.0,1.0,2.0,0.0,5.0,0.0,5
abc,100.0,100.0,5.0,0.0,2.0,1.0,5.0,0.0,120.0,100.0,5.0,0.0,2.0,0.0,5.0,0.0,3
abcd,100.0,100.0,5.0,0.0,2.0,1.0,5.0,0.0,120.0,100.0,5.0,0.0,2.0,0.0,5.0,0.0,3
PacBio_HighVolume_PurificationBeadsMix_SurfaceEmpty,100.0,300.0,10.0,30.0,50.0,3.0,0.0,0.0,80.0,300.0,5.0,30.0,2.0,1.0,5.0,0.0,5
PacBio_HighVolume_PurificationBeadsMix_SurfaceEmptyV2,100.0,100.0,10.0,0.0,50.0,1.0,0.0,0.0,100.0,100.0,10.0,0.0,2.0,1.0,5.0,0.0,5
PacBio_SVF_ProNexPurificationBeads_SurfaceEmpty_Prewet,100.0,150.0,5.0,30.0,2.0,1.0,50.0,0.0,100.0,150.0,5.0,30.0,1.0,0.0,100.0,0.0,5
PacBio_SVF_AdaptiveLoadingElutionBuffer_DispenseSurface_Empty,100.0,25.0,5.0,0.0,2.0,1.0,5.0,0.0,120.0,25.0,5.0,0.0,2.0,0.0,5.0,0.0,5
PacBio_SVF_EB_MultiDispense_JetPart,100.0,75.0,5.0,55.0,2.0,1.0,0.0,0.0,180.0,75.0,5.0,0.0,2.0,0.0,1.0,0.0,2
PacBio_SVF_ProNexPurificationBeads_SurfaceEmpty,100.0,150.0,5.0,30.0,2.0,1.0,0.0,0.0,180.0,150.0,5.0,30.0,1.0,0.0,100.0,0.0,5
PacBio_SVF_ProNexPurificationBeads_SurfaceEmpty_v3,100.0,150.0,5.0,30.0,2.0,1.0,0.0,0.0,180.0,150.0,5.0,30.0,1.0,0.0,100.0,0.0,5
SureSelectXT_300F_EndRepairRxnMix_DispenseSurface_Empty,100.0,100.0,5.0,0.0,2.0,1.0,5.0,0.0,120.0,100.0,5.0,0.0,2.0,0.0,5.0,0.0,5
SureSelectXT_300F_EthanolSupernatantToWaste_DispenseJet_Empty,100.0,100.0,5.0,50.0,100.0,0.0,0.0,0.0,180.0,1.0,5.0,50.0,1.0,0.0,100.0,0.0,3
SureSelectXT_300F_SampleInRSB_DispenseSurface_Empty,100.0,100.0,5.0,0.0,2.0,1.0,5.0,0.0,120.0,100.0,5.0,0.0,2.0,0.0,5.0,0.0,5
SureSelectXT_300F_Sample_DispenseSurface_Empty,100.0,100.0,5.0,0.0,2.0,1.0,5.0,0.0,120.0,250.0,5.0,0.0,2.0,0.0,5.0,0.0,5
OmegaBioTek_MagBindcfDNA_1000PC_300Tip_FB_DSBuffer_SE,100.0,100.0,5.0,30.0,2.0,1.0,0.0,0.0,180.0,1.0,5.0,30.0,1.0,0.0,100.0,0.0,5
OmegaBioTek_MagBindcfDNA_1000PC_300Tip_FB_ElutionBuffer_SE,100.0,100.0,5.0,30.0,2.0,1.0,0.0,0.0,180.0,1.0,5.0,30.0,1.0,0.0,100.0,0.0,5
OmegaBioTek_MagBindcfDNA_1000PC_300Tip_FB_ProteinaseK_SE,100.0,75.0,0.0,0.0,4.0,1.0,0.0,0.0,120.0,75.0,0.0,0.0,2.0,0.0,1.0,0.0,5
OmegaBioTek_MagBindcfDNA_1000PC_50Tip_FB_ProteinaseK_SE,100.0,75.0,0.0,0.0,4.0,1.0,0.0,0.0,120.0,75.0,0.0,0.0,2.0,0.0,1.0,0.0,5
SureSelectXT_300F_WaterElution_DispenseSurface_Empty,100.0,100.0,5.0,0.0,2.0,1.0,5.0,0.0,50.0,100.0,5.0,0.0,2.0,0.0,5.0,0.0,5
SureSelectXT_300F_Water_DispenseJet_Part,100.0,100.0,5.0,0.0,2.0,1.0,0.0,0.0,180.0,1.0,5.0,0.0,1.0,0.0,150.0,10.0,2
SureSelectXT_300F_XPBeadMix_DispenseSurface_Empty,100.0,250.0,5.0,0.0,100.0,0.0,0.0,0.0,150.0,70.0,5.0,0.0,2.0,1.0,1.0,0.0,5
SureSelectXT_300F_XPBeads_DispenseSurface_Empty,100.0,100.0,5.0,0.0,2.0,1.0,0.0,0.0,120.0,100.0,0.0,0.0,2.0,0.0,5.0,0.0,5
SureSelectXT_50F_HybridizationMix_DispenseSurface_Empty,100.0,75.0,1.0,0.0,4.0,1.0,0.0,0.0,120.0,75.0,1.0,0.0,2.0,0.0,1.0,0.0,5
10x_ChromiumGEM-XSingleCell3-5_1000MPH_300Tip_FB_SPRI_SE,100.0,40.0,1.0,0.0,2.0,5.0,0.0,0.0,100.0,40.0,10.0,0.0,1.0,5.0,1.0,0.0,5
10x_ChromiumGEM-XSingleCell3-5_1000MPH_300Tip_FB_SPRImix_SE,100.0,40.0,1.0,3.0,2.0,5.0,0.0,0.0,100.0,40.0,1.0,3.0,1.0,5.0,100.0,0.0,5
NEBNext_RNA_II_SVF_RNASamplePurificatinBeads_SurfaceEmpty,100.0,100.0,5.0,10.0,100.0,0.0,0.0,0.0,100.0,70.0,5.0,10.0,2.0,3.0,1.0,0.0,5
NEBNext_RNA_II_SVF_SamplePurificatinBeads_SurfaceEmpty,100.0,100.0,5.0,0.0,100.0,0.0,0.0,0.0,100.0,70.0,5.0,0.0,2.0,1.0,1.0,0.0,5
NEBNext_RNA_II_SVF_SupernatantToWaste_JetEmpty,100.0,450.0,5.0,30.0,2.0,1.0,0.0,0.0,400.0,1.0,5.0,30.0,1.0,0.0,250.0,0.0,3
NEBNext_RNA_II_SVF_SupernatantToWaste_MPH_JetEmpty,100.0,450.0,5.0,30.0,2.0,1.0,0.0,0.0,400.0,1.0,5.0,30.0,1.0,0.0,250.0,0.0,3
SureSelectXT_50F_PCRMasterMix_DispenseSurface_Empty,100.0,75.0,1.0,0.0,4.0,1.0,0.0,0.0,120.0,75.0,1.0,0.0,2.0,0.0,1.0,0.0,5
SureSelectXT_50F_PCRReactionMix_DispenseSurface_Empty,100.0,75.0,0.0,0.0,2.0,1.0,1.0,0.0,120.0,75.0,0.0,0.0,2.0,1.0,1.0,0.0,5
SureSelectXT_50F_RemoveResidue_DispenseSurface_Empty,100.0,75.0,0.0,1.0,2.0,1.0,0.0,0.0,120.0,75.0,0.0,1.0,2.0,0.0,1.0,0.0,5
SureSelectXT_50F_Water_DispenseJet_Empty,100.0,100.0,5.0,40.0,2.0,1.0,0.0,0.0,180.0,75.0,5.0,40.0,4.0,0.0,100.0,0.0,3
10x_ChromiumGEM-XSingleCell3-5_1000PC_300Tip_FB_SPRIBlowout_SE,100.0,100.0,1.0,20.0,2.0,2.0,0.0,0.0,100.0,100.0,1.0,20.0,2.0,2.0,1.0,0.0,5
10x_ChromiumGEM-XSingleCell3-5_1000PC_300Tip_FB_SPRImix_SE,100.0,100.0,0.0,0.0,10.0,1.0,0.0,0.0,100.0,100.0,10.0,0.0,10.0,1.0,1.0,0.0,5
KitName_50F_Water_SurfaceEmpty,100.0,75.0,0.0,1.0,2.0,1.0,2.0,0.0,120.0,75.0,0.0,1.0,2.0,0.0,1.0,0.0,5
KitName_SVF_Ampure_SurfaceEmpty,100.0,100.0,5.0,0.0,2.0,0.0,0.0,0.0,100.0,70.0,5.0,0.0,2.0,1.0,1.0,0.0,5
KitName_SVF_Ampure_SurfaceEmpty_FastMix,100.0,200.0,5.0,0.0,100.0,0.0,0.0,0.0,150.0,70.0,5.0,0.0,2.0,1.0,1.0,0.0,5
KitName_SVF_MPH_Ampure_SurfaceEmpty,100.0,100.0,5.0,0.0,2.0,1.0,5.0,0.0,120.0,100.0,5.0,0.0,2.0,0.0,5.0,0.0,5
KitName_SVF_MPH_Ampure_SurfaceEmpty_FastMix,100.0,100.0,5.0,0.0,2.0,1.0,5.0,0.0,120.0,100.0,5.0,0.0,2.0,0.0,5.0,0.0,5
KitName_SVF_MPH_RSB_SurfaceEmpty,100.0,100.0,5.0,0.0,2.0,1.0,5.0,0.0,120.0,100.0,5.0,0.0,2.0,0.0,5.0,0.0,5
NEBNext_DNA_II_50F_MPH_CleanSample_SurfaceEmpty,100.0,75.0,0.0,1.0,2.0,1.0,2.0,0.0,120.0,75.0,0.0,1.0,2.0,0.0,1.0,0.0,5
NEBNext_DNA_II_50F_PcrUniversalPrimer_SurfaceEmpty,100.0,75.0,0.0,1.0,2.0,1.0,2.0,0.0,120.0,75.0,0.0,1.0,2.0,0.0,1.0,0.0,5
NEBNext_DNA_II_50F_Water_SurfaceEmpty,100.0,75.0,0.0,1.0,2.0,1.0,2.0,0.0,120.0,75.0,0.0,1.0,2.0,0.0,1.0,0.0,5
NEBNext_DNA_II_SVF_Ampure_SurfaceEmpty,100.0,100.0,5.0,0.0,2.0,0.0,0.0,0.0,100.0,70.0,5.0,0.0,2.0,1.0,1.0,0.0,5
NEBNext_DNA_II_SVF_Ampure_SurfaceEmpty_FastMix,100.0,200.0,5.0,0.0,100.0,0.0,0.0,0.0,150.0,70.0,5.0,0.0,2.0,1.0,1.0,0.0,5
ON_LSK109_50F_AdapterMixII_SurfaceEmpty,100.0,30.0,2.0,2.0,5.0,1.0,2.0,0.0,100.0,30.0,0.0,2.0,2.0,1.0,1.0,0.0,5
ON_LSK109_50F_DNARepairAndEndPrepMasterMix_SurfaceEmpty,100.0,75.0,5.0,2.0,2.0,1.0,2.0,0.0,100.0,75.0,5.0,2.0,2.0,1.0,1.0,0.0,5
ON_LSK109_50F_MPH_FinalResuspensionBuffer_JetEmpty,100.0,100.0,0.0,2.0,2.0,1.0,0.0,0.0,100.0,100.0,0.0,2.0,2.0,1.0,1.0,0.0,5
ON_LSK109_MPH_SVF_1stResuspensionBuffer_SurfaceEmpty,100.0,80.0,5.0,5.0,2.0,1.0,5.0,0.0,120.0,100.0,5.0,5.0,2.0,0.0,5.0,0.0,5
ON_LSK109_SVF_1stResuspensionBuffer_SurfaceEmpty,100.0,80.0,5.0,5.0,2.0,1.0,5.0,0.0,120.0,100.0,5.0,5.0,2.0,0.0,5.0,0.0,5
NEBNext_DNA_II_SVF_MPH_AdaptorLigationMasterMix_SurfaceEmpty,100.0,100.0,5.0,0.0,2.0,1.0,5.0,0.0,120.0,100.0,5.0,0.0,2.0,0.0,5.0,0.0,5
NEBNext_DNA_II_SVF_MPH_RSB_SurfaceEmpty,100.0,100.0,5.0,0.0,2.0,1.0,5.0,0.0,120.0,100.0,5.0,0.0,2.0,0.0,5.0,0.0,5
NEBNext_DNA_II_SVF_MPH_SupernatantToWaste_JetEmpty,100.0,100.0,5.0,30.0,2.0,1.0,0.0,0.0,180.0,1.0,5.0,30.0,1.0,0.0,100.0,0.0,3
NEBNext_DNA_II_SVF_SupernatantToWaste_JetEmpty,100.0,450.0,5.0,30.0,2.0,1.0,0.0,0.0,400.0,1.0,5.0,30.0,1.0,0.0,250.0,0.0,3
Beads,100.0,100.0,5.0,30.0,2.0,1.0,0.0,0.0,180.0,1.0,5.0,30.0,1.0,0.0,100.0,0.0,3
NEBNext_EMSeq_300F_CleanUp_SPB_SurfaceEmpty,100.0,100.0,5.0,0.0,100.0,0.0,0.0,0.0,100.0,70.0,5.0,0.0,2.0,1.0,1.0,0.0,5
NEBNext_EMseq_300F_CleanUp_ElutionBuffer_SurfaceEmpty,100.0,100.0,5.0,0.0,2.0,1.0,5.0,0.0,120.0,100.0,5.0,0.0,2.0,0.0,5.0,0.0,5
ON_LSK109_SVF_AMPure_SurfaceEmpty,100.0,100.0,0.0,0.0,2.0,2.0,0.0,0.0,100.0,100.0,0.0,0.0,2.0,2.0,1.0,0.0,5
QIAseqRNAFusionXPPanel_300F_LigationMix_DispenseSurface_Empty,100.0,100.0,5.0,1.0,2.0,0.0,2.0,0.0,120.0,100.0,5.0,0.0,2.0,0.0,5.0,0.0,5
QIAseqRNAFusionXPPanel_50F_i7IndexAdapter_DispenseSurface_Empty,100.0,75.0,0.0,1.0,2.0,1.0,2.0,0.0,120.0,75.0,0.0,1.0,2.0,0.0,1.0,0.0,5
NEBNext_EMseq_300F_Deamination_Water_SurfaceEmpty,100.0,100.0,5.0,0.0,2.0,1.0,5.0,0.0,120.0,100.0,5.0,0.0,2.0,0.0,5.0,0.0,5
NEBNext_EMseq_50F_Denaturation_NaOH_SurfaceEmpty,100.0,75.0,0.0,0.0,4.0,1.0,0.0,0.0,120.0,75.0,0.0,0.0,2.0,0.0,1.0,0.0,5
QIAseqRNAFusionXPPanels_300F_Beads_DispenseSurface_Empty,100.0,50.0,1.0,0.0,10.0,2.0,0.0,0.0,100.0,100.0,1.0,0.0,10.0,2.0,1.0,0.0,5
QIAseqRNAFusionXPPanels_300F_NucleaseFreeWater_DispenseSurface_Empty,100.0,100.0,5.0,0.0,2.0,1.0,5.0,0.0,80.0,100.0,5.0,0.0,2.0,0.0,5.0,0.0,5
NEBNext_EMseq_50F_IndexPrimer_SurfaceEmpty,100.0,75.0,0.0,1.0,2.0,1.0,2.0,0.0,120.0,75.0,0.0,1.0,2.0,0.0,1.0,0.0,5
NEBNext_EMseq_50F_Oxidation_Fe_SurfaceEmpty,100.0,75.0,0.0,1.0,2.0,1.0,2.0,0.0,120.0,75.0,0.0,1.0,2.0,0.0,1.0,0.0,5
Nextera_SVF_SPB_Surface_Empty_FastMix,100.0,250.0,5.0,0.0,100.0,1.0,0.0,0.0,100.0,70.0,5.0,0.0,2.0,1.0,1.0,0.0,5
NEBNext_EMseq_50F_Denaturation_NaOH_SurfaceEmpty_3,100.0,75.0,0.0,0.0,4.0,1.0,0.0,0.0,120.0,75.0,0.0,0.0,2.0,0.0,1.0,0.0,5
Buffer Dispense (Surface),100.0,100.0,5.0,0.0,2.0,1.0,0.0,0.0,120.0,100.0,5.0,0.0,2.0,0.0,5.0,0.0,5
QIAseqRNAFusionXPPanels_50F_CleanSample_SurfaceEmpty,100.0,75.0,0.0,1.0,2.0,1.0,0.0,0.0,120.0,75.0,0.0,1.0,2.0,0.0,1.0,0.0,5
QIAseqRNAFusionXPPanels_50F_NucleaseFreeWater_DispenseSurface_Empty,100.0,75.0,0.0,1.0,2.0,1.0,2.0,0.0,120.0,75.0,0.0,1.0,2.0,0.0,1.0,0.0,5
QIAseqRNAFusionXPPanels_50F_UPCRMix_DispenseSurface_Empty,100.0,75.0,0.0,1.0,2.0,1.0,2.0,0.0,120.0,75.0,0.0,1.0,2.0,0.0,1.0,0.0,5
StandardVolumeFilter_Water_DispenseSurface_Empty_TransferTest,100.0,100.0,5.0,0.0,2.0,1.0,5.0,0.0,120.0,100.0,5.0,0.0,2.0,0.0,5.0,0.0,5
Tip_50ulFilter_Water_DispenseSurface_Empty_TransferTest,100.0,75.0,0.0,1.0,2.0,1.0,2.0,0.0,120.0,75.0,0.0,1.0,2.0,0.0,1.0,0.0,5
Roche_AVENIO_CGP_1000F_CaptureBeadsMixing_SurfaceEmpty,100.0,100.0,5.0,0.0,100.0,0.0,0.0,0.0,100.0,70.0,5.0,0.0,2.0,1.0,1.0,5.0,5
Roche_AVENIO_CGP_1000F_CleanupBeadsMixing_SurfaceEmpty,100.0,100.0,5.0,0.0,100.0,0.0,0.0,0.0,100.0,70.0,5.0,0.0,2.0,1.0,1.0,5.0,5
Roche_AVENIO_CGP_300F_CaptureBeads_SurfaceEmpty,100.0,100.0,5.0,2.0,2.0,1.0,5.0,0.0,120.0,100.0,5.0,2.0,2.0,0.0,5.0,0.0,5
Roche_AVENIO_CGP_300F_CleanupBeadsMixing_SurfaceEmpty,100.0,250.0,5.0,0.0,100.0,0.0,0.0,0.0,150.0,70.0,5.0,0.0,2.0,1.0,1.0,0.0,5
Roche_AVENIO_CGP_300F_CleanupBeads_SurfaceEmpty,100.0,250.0,5.0,0.0,100.0,0.0,0.0,0.0,150.0,70.0,5.0,0.0,2.0,1.0,1.0,0.0,5
Roche_AVENIO_CGP_300F_HybridizationSupplement_JetEmpty,100.0,100.0,5.0,30.0,2.0,1.0,0.0,0.0,150.0,1.0,5.0,30.0,1.0,0.0,100.0,0.0,3
Roche_AVENIO_CGP_300F_HybridizationWashBufferHot_JetEmpty,100.0,255.0,1.0,5.0,5.0,3.0,0.0,0.0,200.0,1.0,1.0,5.0,5.0,2.0,5.0,0.0,3
Roche_AVENIO_CGP_300F_StringentWashBufferHOT_SurfaceEmpty,100.0,255.0,1.0,5.0,5.0,3.0,0.0,0.0,200.0,1.0,1.0,5.0,5.0,2.0,5.0,0.0,5
Roche_AVENIO_CGP_50F_EnrichedLibrariesAndBeads_SurfaceEmpty,100.0,75.0,0.0,1.0,2.0,1.0,2.0,0.0,120.0,75.0,0.0,1.0,2.0,0.0,1.0,0.0,5
Roche_AVENIO_CGP_50F_NucleaseFreeWater_SurfaceEmpty,100.0,75.0,0.0,1.0,2.0,1.0,2.0,0.0,120.0,75.0,0.0,1.0,2.0,0.0,1.0,0.0,5
Roche_AVENIO_CGP_50F_PrimerMix_SurfaceEmpty,100.0,100.0,5.0,0.0,2.0,1.0,5.0,0.0,120.0,100.0,5.0,0.0,2.0,0.0,5.0,0.0,5
Roche_AVENIO_CGP_50F_UniversalEnhancingOligos_SurfaceEmpty,100.0,100.0,5.0,0.0,2.0,1.0,5.0,0.0,120.0,100.0,5.0,0.0,2.0,0.0,5.0,0.0,5
RNAMessenger_50F_EPM_SurfaceEmpty,100.0,75.0,0.0,0.0,4.0,1.0,0.0,0.0,120.0,75.0,0.0,0.0,2.0,0.0,1.0,0.0,5
RNAMessenger_50F_FirstStrandSynthesisMM_SurfaceEmpty,100.0,50.0,0.0,1.0,2.0,1.0,2.0,0.0,120.0,50.0,2.0,1.0,2.0,0.0,1.0,0.0,5
RNAMessenger_50F_LIGX_SurfaceEmpty,100.0,75.0,0.0,0.0,2.0,1.0,0.0,0.0,120.0,75.0,0.0,0.0,1.0,0.0,40.0,0.0,5
RNAMessenger_50F_RSB_SurfaceEmpty,100.0,75.0,0.0,1.0,2.0,1.0,2.0,0.0,120.0,75.0,0.0,1.0,2.0,0.0,1.0,0.0,5
RNAMessenger_50F_STL_SurfaceEmpty,100.0,75.0,0.0,0.0,2.0,1.0,2.0,0.0,120.0,75.0,0.0,0.0,2.0,0.0,1.0,0.0,5
RNAMessenger_SVF_AMPureBeads_SurfaceEmpty,100.0,50.0,1.0,0.0,2.0,2.0,0.0,0.0,100.0,100.0,1.0,0.0,2.0,2.0,1.0,0.0,5
RNAMessenger_SVF_BWB_DispenseJet_Empty,100.0,100.0,10.0,30.0,50.0,1.0,0.0,0.0,180.0,1.0,10.0,30.0,1.0,0.0,180.0,0.0,3
RNAMessenger_SVF_EPH3_SurfaceEmpty,100.0,360.0,5.0,0.0,2.0,1.0,5.0,0.0,120.0,120.0,5.0,0.0,2.0,0.0,5.0,0.0,5
RNAMessenger_SVF_FSA_SurfaceEmpty,100.0,360.0,5.0,0.0,2.0,1.0,5.0,0.0,120.0,120.0,5.0,0.0,2.0,0.0,5.0,0.0,5
RNAMessenger_SVF_RPBX_SurfaceEmpty,100.0,50.0,5.0,0.0,2.0,2.0,0.0,0.0,100.0,100.0,5.0,0.0,2.0,2.0,1.0,0.0,5
RNAMessenger_SVF_RVT_SurfaceEmpty,100.0,360.0,5.0,0.0,2.0,1.0,5.0,0.0,120.0,120.0,5.0,0.0,2.0,0.0,5.0,0.0,5
Nextera_CTB3_50F_SurfaceEmpty,100.0,75.0,0.0,0.0,2.0,1.0,2.0,0.0,120.0,75.0,0.0,0.0,2.0,0.0,1.0,0.0,5
Nextera_EWS_SVF_SurfaceEmpty,100.0,100.0,5.0,0.0,2.0,1.0,5.0,0.0,120.0,100.0,5.0,0.0,2.0,0.0,5.0,0.0,5
Nextera_HP3_50F_SurfaceEmpty,100.0,75.0,0.0,0.0,4.0,1.0,0.0,0.0,120.0,75.0,0.0,0.0,2.0,0.0,1.0,0.0,5
Nextera_LiquidWaste_50F_JetEmpty,100.0,100.0,5.0,30.0,2.0,1.0,0.0,0.0,180.0,75.0,5.0,30.0,4.0,0.0,100.0,0.0,3
Nextera_LiquidWaste_SVF_JetEmpty,100.0,100.0,5.0,30.0,2.0,1.0,0.0,0.0,180.0,1.0,5.0,30.0,1.0,0.0,100.0,0.0,3
Nextera_PPC_50F_SurfaceEmpty,100.0,75.0,0.0,0.0,2.0,1.0,1.0,0.0,120.0,75.0,0.0,0.0,2.0,1.0,1.0,0.0,5
Nextera_SMB_SVF_SurfaceEmpty,100.0,100.0,5.0,0.0,2.0,1.0,5.0,0.0,120.0,100.0,5.0,0.0,2.0,0.0,5.0,0.0,5
Nextera_SVF_SPB_Surface_Empty,100.0,100.0,5.0,0.0,100.0,0.0,0.0,0.0,100.0,70.0,5.0,0.0,2.0,1.0,1.0,0.0,5
Nextera_TransferSample_SVF_SurfaceEmpty,100.0,100.0,5.0,0.0,2.0,1.0,5.0,0.0,120.0,100.0,5.0,0.0,2.0,0.0,5.0,0.0,5
TruSeq_50F_DTL_SurfaceEmpty,100.0,75.0,0.0,0.0,2.0,1.0,1.0,0.0,120.0,75.0,0.0,0.0,2.0,0.0,1.0,0.0,5
TruSeq_50F_EPH_SurfaceEmpty,100.0,75.0,0.0,0.0,2.0,1.0,0.0,0.0,120.0,75.0,0.0,0.0,2.0,0.0,1.0,0.0,5
TruSeq_50F_EPM_SurfaceEmpty,100.0,75.0,0.0,0.0,4.0,1.0,0.0,0.0,120.0,75.0,0.0,0.0,2.0,0.0,1.0,0.0,5
TruSeq_50F_FSA_SurfaceEmpty,100.0,75.0,0.0,1.0,2.0,1.0,2.0,0.0,120.0,75.0,0.0,1.0,2.0,0.0,1.0,0.0,5
TruSeq_50F_PMM_SurfaceEmpty,100.0,75.0,0.0,0.0,4.0,1.0,0.0,0.0,120.0,75.0,0.0,0.0,2.0,0.0,1.0,0.0,5
TruSeq_50F_PPC_SurfaceEmpty,100.0,75.0,0.0,0.0,2.0,1.0,1.0,0.0,120.0,75.0,0.0,0.0,2.0,1.0,1.0,0.0,5
TruSeq_50F_SMM_SurfaceEmpty,100.0,75.0,0.0,0.0,2.0,1.0,0.0,0.0,120.0,75.0,0.0,0.0,2.0,0.0,1.0,0.0,5
TruSeq_50F_STL_SurfaceEmpty,100.0,75.0,0.0,0.0,2.0,1.0,1.0,0.0,100.0,75.0,0.0,0.0,2.0,1.0,1.0,0.0,5
TruSeq_50F_SampleForCleanup_SurfaceEmpty,100.0,75.0,0.0,1.0,2.0,1.0,0.0,0.0,120.0,75.0,0.0,1.0,2.0,0.0,1.0,0.0,5
TruSeq_SVF_Ampure_Surface_Empty,100.0,100.0,5.0,0.0,100.0,0.0,0.0,0.0,100.0,70.0,5.0,0.0,2.0,1.0,1.0,0.0,5
TruSeq_SVF_Ampure_Surface_Empty_FastMix,100.0,250.0,5.0,0.0,100.0,0.0,0.0,0.0,150.0,70.0,5.0,0.0,2.0,1.0,1.0,0.0,5
TruSeq_SVF_RSB_SurfaceEmpty,100.0,100.0,5.0,0.0,2.0,1.0,5.0,0.0,120.0,100.0,5.0,0.0,2.0,0.0,5.0,0.0,5
TruSeq_SVF_Waste_JetEmpty,100.0,100.0,5.0,30.0,50.0,0.0,0.0,0.0,180.0,1.0,5.0,30.0,1.0,0.0,100.0,0.0,3
TruSeq_SVF_XPBeads_SurfaceEmpty,100.0,100.0,5.0,0.0,2.0,1.0,0.0,0.0,120.0,100.0,0.0,0.0,2.0,0.0,5.0,0.0,5
KAPA_EvoPlus_1000FilterBlack_MixKAPAHyperPureBeads_JetEmpty,100.0,350.0,5.0,0.0,2.0,1.0,0.0,0.0,80.0,350.0,5.0,0.0,2.0,3.0,5.0,0.0,5
KAPA_EvoPlus_300FilterBlack_KAPAHyperPurebeadstoSamples_SurfaceEmpty,100.0,250.0,2.0,0.0,20.0,2.0,0.0,0.0,80.0,250.0,2.0,0.0,2.0,1.0,5.0,0.0,5
KAPA_EvoPlus_300FilterBlack_MPH_SampleLibrariesto2ndSSPlate_SurfaceEmpty,100.0,100.0,2.0,0.0,2.0,1.0,1.0,0.0,120.0,150.0,2.0,0.0,2.0,1.0,5.0,0.0,5
KAPA_EvoPlus_300FilterBlack_SampleLibrariesto2ndSSPlate_SurfaceEmpty,100.0,100.0,2.0,0.0,2.0,1.0,1.0,0.0,120.0,150.0,2.0,0.0,2.0,1.0,5.0,0.0,5
KAPA_EvoPlus_50FilterBlack_HiFiHotStartReadyMix_SurfaceEmpty,100.0,50.0,0.0,1.5,15.0,1.0,0.0,0.0,50.0,50.0,0.0,1.5,15.0,1.0,1.0,0.0,5
KAPA_EvoPlus_50FilterBlack_MPH_HiFiHotStartReadyMix_SurfaceEmpty,100.0,50.0,0.0,1.5,15.0,1.0,0.0,0.0,50.0,50.0,0.0,1.5,15.0,1.0,1.0,0.0,5
KAPA_EvoPlus_50FilterBlack_MPH_SampleLibrariestoSSPlate_SurfaceEmpty,100.0,100.0,0.0,0.0,2.0,1.0,0.0,0.0,120.0,150.0,0.0,0.0,2.0,1.0,5.0,0.0,5
KAPA_EvoPlus_50FilterBlack_SampleLibrariestoSSPlate_SurfaceEmpty,100.0,100.0,0.0,0.0,2.0,1.0,0.0,0.0,120.0,150.0,0.0,0.0,2.0,1.0,5.0,0.0,5
StandardVolumeFilter_Water_DispenseSurface_Empty_FastMoves,100.0,100.0,3.0,0.0,4.0,1.0,5.0,0.0,120.0,100.0,5.0,0.0,10.0,0.0,5.0,0.0,5
Tip_50ulFilter_Water_DispenseSurface_Empty_FastMoves,100.0,75.0,0.0,1.0,4.0,1.0,2.0,0.0,120.0,75.0,0.0,1.0,10.0,0.0,1.0,0.0,5
Tip_50ulFilter_Water_DispenseSurface_Empty_MasterMixOptimization,100.0,75.0,2.0,1.0,6.0,1.0,2.0,0.0,120.0,75.0,0.0,1.0,10.0,0.0,1.0,0.0,5
PacBio_SVFMPH_EthanolWash_SurfaceEmpty,120.0,100.0,10.0,0.0,2.0,1.0,5.0,0.0,60.0,100.0,10.0,0.0,2.0,0.0,5.0,0.0,5
PacBio_SVFMPH_EthanolWash_SurfaceEmptyV2,120.0,100.0,30.0,0.0,2.0,1.0,5.0,0.0,70.0,100.0,30.0,0.0,5.0,1.0,70.0,0.0,5
SureSelectXT_1000F_BeadPreMix_DispenseSurface_Empty,120.0,350.0,0.0,0.0,2.0,0.0,0.0,0.0,120.0,120.0,0.0,0.0,2.0,0.0,5.0,0.0,5
QIAseqRNAFusionXPPanels_1000F_EndRepairATailingMixMixing_DispenseSurface_Empty,120.0,350.0,0.0,0.0,2.0,0.0,0.0,0.0,120.0,120.0,0.0,0.0,2.0,0.0,5.0,0.0,5
QIAseqRNAFusionXPPanels_1000F_LigationMixMixing_DispenseSurface_Empty,120.0,350.0,0.0,0.0,2.0,0.0,0.0,0.0,120.0,120.0,0.0,0.0,2.0,0.0,5.0,0.0,5
QIAseqRNAFusionXPPanels_1000F_SecondStrandSythesisMixMixing_DispenseSurface_Empty,120.0,350.0,0.0,0.0,2.0,0.0,0.0,0.0,120.0,120.0,0.0,0.0,2.0,0.0,5.0,0.0,5
RNAMessenger_HVF_SMBPremix_SurfaceEmpty,120.0,350.0,0.0,0.0,2.0,0.0,0.0,0.0,120.0,120.0,0.0,0.0,2.0,0.0,5.0,0.0,5
Nextera_SMBPremix_HVF_SurfaceEmpty,120.0,350.0,0.0,0.0,2.0,0.0,0.0,0.0,120.0,120.0,0.0,0.0,2.0,0.0,5.0,0.0,5
NGSStar_50F_Oil_DispenseSurface,140.0,25.0,1.0,0.0,1.0,0.5,0.0,0.0,60.0,1.0,1.0,0.0,2.0,0.0,5.0,0.0,5
TruSeq_50F_Oil_DispenseSurface,140.0,25.0,1.0,0.0,1.0,0.5,0.0,0.0,60.0,1.0,1.0,0.0,2.0,0.0,5.0,0.0,5
HMWSRE_SVF_BufferElution_Jet,150.0,250.0,5.0,15.0,10.0,1.0,50.0,0.0,50.0,1.0,5.0,15.0,1.0,0.0,20.0,10.0,3
HMWSRE_SVF_BufferElution_JetPart_v2,150.0,150.0,5.0,0.0,10.0,1.0,0.0,0.0,150.0,1.0,5.0,0.0,1.0,0.0,130.0,10.0,2
SureSelectXT_1000F_EthanolSupernatantToWaste_JetEmpty,150.0,100.0,10.0,50.0,100.0,0.0,0.0,0.0,300.0,1.0,10.0,50.0,1.0,0.0,100.0,0.0,3
NEBNext_DNA_II_50F_Q5Polymerase_SurfaceEmpty,150.0,150.0,0.0,0.0,2.0,3.0,0.0,0.0,25.0,100.0,0.0,0.0,1.0,2.0,250.0,0.0,5
NGSStar_HVF_AMPureBeads_Surface,150.0,250.0,2.0,0.0,50.0,3.0,0.0,0.0,50.0,1.0,2.0,0.0,1.0,0.0,250.0,10.0,4
ON_LSK109_MPH_SVF_EthanolSupernatentToWaste_JetEmpty,150.0,100.0,5.0,30.0,1.0,1.0,0.0,0.0,400.0,1.0,5.0,30.0,1.0,0.0,100.0,0.0,3
ON_LSK109_SVF_ElutionBuffer1_JetPart,150.0,250.0,5.0,0.0,10.0,1.0,0.0,0.0,150.0,1.0,5.0,0.0,1.0,0.0,130.0,10.0,2
ON_LSK109_SVF_EthanolSupernatentToWaste_JetEmpty,150.0,100.0,5.0,30.0,1.0,1.0,0.0,0.0,400.0,1.0,5.0,30.0,1.0,0.0,100.0,0.0,3
QIAseqRNAFusionXPPanels_1000F_AMPureBeadsMixing_SurfaceEmpty,150.0,400.0,2.0,0.0,50.0,3.0,0.0,0.0,50.0,1.0,2.0,0.0,1.0,0.0,250.0,10.0,4
QIAseqRNAFusionXPPanels_1000F_FusionXPPanelMixing_SurfaceEmpty,150.0,400.0,2.0,0.0,50.0,3.0,0.0,0.0,50.0,1.0,2.0,0.0,1.0,0.0,250.0,10.0,4
10x_ChromiumGEM-XSingleCell3-5_1000MPH_300Tip_FB_EtOH_JE,150.0,150.0,0.0,0.0,10.0,1.0,0.0,0.0,35.0,1.0,10.0,0.0,1.0,0.0,35.0,5.0,3
Nextera_ET2_50F_SurfaceEmpty,150.0,75.0,0.0,2.0,2.0,1.0,2.0,0.0,150.0,75.0,0.0,2.0,1.0,1.0,1.0,0.0,5
NEBNext_EMseq_50F_EMseqAdaptor_SurfaceEmpty,160.0,75.0,0.0,1.0,20.0,1.0,0.0,0.0,160.0,75.0,0.0,1.0,2.0,0.0,1.0,0.0,5
ON_LSK109_HVF_FragmentBuffer_JetPart,200.0,100.0,10.0,0.0,5.0,2.0,0.0,0.0,200.0,100.0,10.0,0.0,2.0,0.0,180.0,0.0,2
HighVolumeWideBore32_Filter_Water_DispenseSurface_Aliquot,250.0,120.0,6.0,0.0,2.0,1.0,0.0,0.0,120.0,120.0,3.0,0.0,2.0,0.0,50.0,0.0,4
HighVolumeWideBore12_Water_DispenseSurface_Empty,250.0,120.0,6.0,0.0,2.0,1.0,0.0,0.0,120.0,120.0,50.0,0.0,2.0,0.0,50.0,0.0,5
HighVolumeWideBore32_Water_DispenseSurface_Aliquot,250.0,120.0,6.0,0.0,2.0,1.0,0.0,0.0,120.0,120.0,3.0,0.0,2.0,0.0,50.0,0.0,4
HighVolumeWideBore12_Water_DispenseSurface_Aliquot,250.0,120.0,6.0,0.0,2.0,1.0,0.0,0.0,120.0,120.0,3.0,0.0,2.0,0.0,50.0,0.0,4
HighVolumeWideBore32_Water_DispenseSurface_Empty,250.0,120.0,6.0,0.0,2.0,1.0,0.0,0.0,120.0,120.0,50.0,0.0,2.0,0.0,50.0,0.0,5
HighVolumeWideBore32_Filter_Water_DispenseSurface_Empty,250.0,120.0,6.0,0.0,2.0,1.0,0.0,0.0,120.0,120.0,50.0,0.0,2.0,0.0,50.0,0.0,5
HighVolumeWideBore12_Filter_Water_DispenseSurface_Empty,250.0,120.0,6.0,0.0,2.0,1.0,0.0,0.0,120.0,120.0,50.0,0.0,2.0,0.0,50.0,0.0,5
HighVolumeWideBore12_Filter_Water_DispenseSurface_Aliquot,250.0,120.0,6.0,0.0,2.0,1.0,0.0,0.0,120.0,120.0,3.0,0.0,2.0,0.0,50.0,0.0,4
QIAseqTargetedDNAProPanel_1000F_Water_DispenseJet_Part,250.0,250.0,5.0,0.0,2.0,1.0,0.0,0.0,300.0,1.0,20.0,0.0,1.0,0.0,200.0,10.0,2
QIAseqTargetedDNAProPanel_1000FilterBlack_DNAPurificationBeadsMixing_SurfaceEmpty,250.0,350.0,5.0,0.0,2.0,1.0,5.0,0.0,120.0,350.0,5.0,0.0,2.0,0.0,5.0,0.0,5
QIAseqTargetedDNAProPanel_1000FilterBlack_LigationMasterMixMixing_SurfaceEmpty,250.0,150.0,0.0,0.0,2.0,1.0,0.0,0.0,120.0,150.0,0.0,0.0,2.0,0.0,5.0,0.0,5
QIAseqTargetedDNAProPanel_1000FilterBlack_MasterMix_Mixing,250.0,150.0,0.0,0.0,2.0,1.0,0.0,0.0,100.0,150.0,0.0,0.0,2.0,0.0,5.0,0.0,5
1,250.0,250.0,5.0,40.0,2.0,1.0,0.0,0.0,400.0,1.0,5.0,40.0,1.0,0.0,250.0,0.0,3
QIAseqTargetedDNAProPanel_300FilterBlack_LigationMasterMixMixing_SurfaceEmpty,250.0,80.0,0.0,0.0,2.0,1.0,0.0,0.0,120.0,80.0,0.0,0.0,2.0,2.0,5.0,0.0,5
QIAseqTargetedDNAProPanel_300FilterBlack_MasterMix_Mixing,250.0,80.0,0.0,0.0,2.0,1.0,0.0,0.0,80.0,80.0,0.0,0.0,2.0,2.0,5.0,0.0,5
Qiagen_QIAseqTargetedDNAProPanel_1000PC_1000Tip_FB_BeadBindBuffer_JP_20240718,250.0,250.0,5.0,0.0,2.0,1.0,0.0,0.0,450.0,1.0,15.0,0.0,1.0,0.0,499.0,18.0,2
LLD_Check_50uL,250.0,120.0,0.0,0.0,15.0,0.0,0.0,0.0,120.0,120.0,0.0,0.0,15.0,0.0,5.0,0.0,5
LLD_Check_50uLF,250.0,120.0,0.0,0.0,15.0,0.0,0.0,0.0,120.0,120.0,0.0,0.0,15.0,0.0,5.0,0.0,5
LLD_Check_H,250.0,120.0,0.0,0.0,15.0,0.0,0.0,0.0,120.0,120.0,0.0,0.0,15.0,0.0,5.0,0.0,5
LLD_Check_HF,250.0,120.0,0.0,0.0,15.0,0.0,0.0,0.0,120.0,120.0,0.0,0.0,15.0,0.0,5.0,0.0,5
LLD_Check_S,250.0,120.0,0.0,0.0,15.0,0.0,0.0,0.0,120.0,120.0,0.0,0.0,15.0,0.0,5.0,0.0,5
LLD_Check_SF,250.0,120.0,0.0,0.0,15.0,0.0,0.0,0.0,120.0,120.0,0.0,0.0,15.0,0.0,5.0,0.0,5
a,250.0,250.0,5.0,40.0,2.0,1.0,0.0,0.0,400.0,1.0,5.0,40.0,1.0,0.0,250.0,0.0,3
TruSightOncology500HT_HVF_SPB_Aliquot_JetPart,250.0,350.0,10.0,1.0,10.0,1.0,5.0,0.0,100.0,1.0,10.0,1.0,10.0,1.0,100.0,0.0,2
SureSelectXT_1000F_WashBuffer1_DispenseJet_Empty,250.0,250.0,5.0,40.0,2.0,1.0,0.0,0.0,400.0,1.0,5.0,40.0,1.0,0.0,250.0,0.0,3
SureSelectXT_1000F_WashBuffer2_DispenseJet_Empty,250.0,250.0,5.0,40.0,2.0,1.0,0.0,0.0,400.0,1.0,5.0,40.0,1.0,0.0,250.0,0.0,3
OmegaBioTek_MagBindcfDNA_1000PC_1000Tip_FB_GT7Buffer_JE,250.0,250.0,10.0,0.0,100.0,0.5,0.0,0.0,500.0,1.0,10.0,0.0,1.0,0.0,500.0,5.0,3
OmegaBioTek_MagBindcfDNA_1000PC_1000Tip_FB_JSBBuffer_JE,250.0,250.0,5.0,0.0,100.0,2.0,0.0,0.0,500.0,1.0,10.0,0.0,1.0,0.0,500.0,5.0,3
OmegaBioTek_MagBindcfDNA_1000PC_1000Tip_FB_SPWBuffer_JE,250.0,250.0,5.0,0.0,100.0,0.5,0.0,0.0,500.0,1.0,5.0,0.0,1.0,0.0,500.0,5.0,3
OmegaBioTek_MagBindcfDNA_1000PC_1000Tip_FB_Serum_SE,250.0,120.0,5.0,0.0,2.0,1.0,5.0,0.0,120.0,120.0,0.0,0.0,4.0,0.0,5.0,0.0,5
OmegaBioTek_MagBindcfDNA_1000PC_50Tip_FB_SPWBuffer_JE,250.0,250.0,5.0,0.0,100.0,0.5,0.0,0.0,500.0,1.0,5.0,0.0,1.0,0.0,500.0,5.0,3
SureSelectXT_1000F_BindingBuffer_DispenseJet_Part,250.0,250.0,5.0,0.0,1.0,1.0,0.0,0.0,400.0,1.0,5.0,0.0,1.0,0.0,350.0,5.0,2
SureSelectXT_1000F_Ethanol80_DispenseJet_Part,250.0,150.0,5.0,0.0,1.0,1.0,0.0,0.0,400.0,1.0,5.0,0.0,1.0,0.0,350.0,5.0,2
SureSelectXT_300F_WashBuffer2_DispenseSurface_Empty,250.0,250.0,5.0,0.0,1.0,1.0,0.0,0.0,300.0,200.0,5.0,0.0,1.0,1.0,150.0,5.0,5
NEBNext_RNA_II_HVF_RNASamplePurificationBeads_SurfaceEmpty_FastMix,250.0,300.0,10.0,30.0,2.0,2.0,5.0,0.0,80.0,300.0,10.0,30.0,2.0,1.0,5.0,0.0,5
NEBNext_RNA_II_HVF_SamplePurificationBeads_SurfaceEmpty_FastMix,250.0,300.0,10.0,30.0,2.0,2.0,5.0,0.0,80.0,300.0,10.0,30.0,2.0,1.0,5.0,0.0,5
NEBNext_DNA_II_HVF_80PercentEtOH_JetPart,250.0,150.0,5.0,0.0,1.0,1.0,0.0,0.0,400.0,1.0,5.0,0.0,1.0,0.0,350.0,5.0,2
NGSStar_1000F_Bead_Mixing,250.0,120.0,5.0,0.0,2.0,1.0,5.0,0.0,120.0,120.0,5.0,0.0,2.0,0.0,5.0,0.0,5
NGSStar_HVFT_EtOH80_DispenseJet_Part,250.0,250.0,5.0,0.0,2.0,1.0,0.0,0.0,400.0,1.0,15.0,0.0,1.0,0.0,250.0,5.0,2
NGSStar_MPH_HVFT_EtOH80_DispenseJet_Part,250.0,250.0,5.0,0.0,2.0,1.0,0.0,0.0,400.0,1.0,15.0,0.0,1.0,0.0,250.0,5.0,2
NGSStar_SVF_EthanolSupernatentToWaste_JetEmpty,250.0,100.0,5.0,30.0,1.0,1.0,0.0,0.0,400.0,1.0,5.0,30.0,1.0,0.0,100.0,0.0,3
ON_LSK109_HVF_AMPure_JetPart,250.0,250.0,10.0,10.0,5.0,2.0,0.0,0.0,250.0,50.0,10.0,10.0,2.0,2.0,250.0,10.0,2
ON_LSK109_HVF_FragmentBuffer_JetEmpty,250.0,250.0,10.0,20.0,5.0,2.0,0.0,0.0,300.0,50.0,10.0,20.0,2.0,2.0,300.0,10.0,3
ON_LSK109_SVF_1stResuspensionBuffer_JetPart,250.0,250.0,5.0,0.0,10.0,1.0,0.0,0.0,300.0,1.0,5.0,0.0,1.0,0.0,250.0,10.0,2
NEBNext_EMseq_1000F_CleanUp_Ethanol80_JetPart,250.0,150.0,5.0,0.0,1.0,1.0,0.0,0.0,400.0,1.0,5.0,0.0,1.0,0.0,350.0,5.0,2
NEBNext_EMseq_1000F_CleanUp_SPBMixing_SurfaceEmpty,250.0,250.0,10.0,0.0,50.0,1.0,0.0,0.0,150.0,250.0,10.0,0.0,1.0,0.0,250.0,10.0,5
ON_LSK109_SVF_FinalResuspensionBuffer_JetPart,250.0,250.0,5.0,0.0,10.0,1.0,0.0,0.0,300.0,1.0,5.0,0.0,1.0,0.0,250.0,10.0,2
QIAseqRNAFusionXPPanels_1000F_Ethanol80_JetPart,250.0,150.0,5.0,0.0,1.0,1.0,0.0,0.0,400.0,1.0,5.0,0.0,1.0,0.0,350.0,5.0,2
10,250.0,250.0,5.0,40.0,2.0,1.0,0.0,0.0,400.0,1.0,5.0,40.0,1.0,0.0,250.0,0.0,3
Buffer_Dispense_Jet,250.0,150.0,10.0,2.0,30.0,1.0,0.0,0.0,300.0,60.0,10.0,2.0,5.0,0.0,140.0,3.0,3
Roche_AVENIO_CGP_1000F_80Ethanol_JetPart,250.0,250.0,5.0,0.0,2.0,1.0,0.0,0.0,400.0,1.0,15.0,0.0,1.0,0.0,250.0,5.0,2
RNAMessenger_HVF_EtOH80_JetPart,250.0,150.0,5.0,0.0,1.0,1.0,0.0,0.0,200.0,1.0,5.0,0.0,1.0,0.0,350.0,5.0,2
RNAMessenger_HVF_NFW_SurfaceEmpty,250.0,120.0,5.0,0.0,2.0,1.0,5.0,0.0,120.0,120.0,5.0,0.0,2.0,0.0,5.0,0.0,5
Nextera_EE1_HVF_SurfaceEmpty,250.0,100.0,5.0,0.0,2.0,1.0,5.0,0.0,120.0,100.0,5.0,0.0,2.0,0.0,5.0,0.0,5
Nextera_LiquidWaste_HVF_JetEmpty,250.0,250.0,5.0,40.0,2.0,1.0,0.0,0.0,400.0,1.0,5.0,40.0,1.0,0.0,250.0,0.0,3
TruSeq_HVF_80PercentEtOH_JetPart,250.0,150.0,5.0,0.0,1.0,1.0,0.0,0.0,400.0,1.0,5.0,0.0,1.0,0.0,350.0,5.0,2
TruSeq_HVF_AMPureBeads_JetPart,250.0,250.0,10.0,0.0,50.0,1.0,0.0,0.0,300.0,1.0,10.0,0.0,1.0,0.0,250.0,10.0,2
KAPA_EvoPlus_1000FilterBlack_AddEthanol_JetPart,250.0,150.0,5.0,0.0,1.0,1.0,0.0,0.0,400.0,1.0,15.0,0.0,1.0,1.0,250.0,0.0,2
HighVolumeFilter_Water_AliquotDispenseJet_Part_FastMoves,250.0,250.0,0.0,50.0,8.0,0.5,0.0,0.0,300.0,1.0,0.0,0.0,1.0,0.0,200.0,10.0,2
Ethanol Dispense to Samples,300.0,300.0,5.0,1.0,45.0,1.0,0.0,0.0,400.0,1.0,5.0,1.0,1.0,0.0,500.0,5.0,2
PacBio_SVF_TransferSample_SurfaceEmpty_Shearing_Ch_400,400.0,400.0,10.0,0.0,2.0,1.0,0.0,0.0,400.0,400.0,10.0,0.0,2.0,0.0,5.0,0.0,5
NGSStar_HVF_EtOH_LevelCheck,450.0,100.0,0.0,0.0,100.0,0.0,0.0,0.0,400.0,1.0,0.0,0.0,1.0,0.0,350.0,5.0,2
TruSeq_HVF_EtOH_LevelCheck,450.0,100.0,0.0,0.0,100.0,0.0,0.0,0.0,400.0,1.0,0.0,0.0,1.0,0.0,350.0,5.0,2
QIAseqTargetedDNAProPanel_1000FilterBlack_Ethanol80_JetPart,500.0,500.0,5.0,0.0,100.0,0.5,0.0,0.0,500.0,1.0,5.0,0.0,1.0,0.0,500.0,5.0,2
PacBio_SVF_TransferSample_SurfaceEmpty_Shearing_Ch_500,500.0,500.0,10.0,0.0,2.0,1.0,0.0,0.0,500.0,500.0,10.0,0.0,2.0,0.0,5.0,0.0,5
TipCheck_1000,500.0,100.0,0.0,0.0,50.0,0.0,0.0,0.0,500.0,100.0,0.0,0.0,50.0,1.0,100.0,0.0,3
TipCheck_1000F,500.0,100.0,0.0,0.0,50.0,0.0,0.0,0.0,500.0,100.0,0.0,0.0,50.0,1.0,100.0,0.0,3
TipCheck_300,500.0,100.0,0.0,0.0,50.0,0.0,0.0,0.0,500.0,100.0,0.0,0.0,50.0,1.0,100.0,0.0,3
TipCheck_300F,500.0,100.0,0.0,0.0,50.0,0.0,0.0,0.0,500.0,100.0,0.0,0.0,50.0,1.0,100.0,0.0,3
TipCheck_300Slim,500.0,100.0,0.0,0.0,50.0,0.0,0.0,0.0,500.0,100.0,0.0,0.0,50.0,1.0,100.0,0.0,3
TipCheck_300SlimF,500.0,100.0,0.0,0.0,50.0,0.0,0.0,0.0,500.0,100.0,0.0,0.0,50.0,1.0,100.0,0.0,3
TipCheck_50,500.0,100.0,0.0,0.0,50.0,0.0,0.0,0.0,500.0,100.0,0.0,0.0,50.0,1.0,100.0,0.0,3
TipCheck_50F,500.0,100.0,0.0,0.0,50.0,0.0,0.0,0.0,500.0,100.0,0.0,0.0,50.0,1.0,100.0,0.0,3
NEBNext_RNA_II_HVF_80PercentEtOH_JetPart_V2,500.0,500.0,5.0,0.0,100.0,0.5,0.0,0.0,500.0,1.0,5.0,0.0,1.0,0.0,500.0,5.0,2
NEBNext_RNA_II_HVF_80PercentEtOH_MPH_JetPart_V2,500.0,500.0,5.0,0.0,100.0,0.5,0.0,0.0,500.0,1.0,5.0,0.0,1.0,0.0,500.0,5.0,2
KitName_HVF_80PercentEtOH_JetPart,500.0,500.0,5.0,0.0,100.0,0.5,0.0,0.0,500.0,1.0,5.0,0.0,1.0,0.0,500.0,5.0,2
KitName_HVF_MPH_80PercentEtOH_JetPart,500.0,500.0,5.0,0.0,100.0,0.5,0.0,0.0,500.0,1.0,5.0,0.0,1.0,0.0,500.0,5.0,2
NEBNext_DNA_II_HVF_MPH_80PercentEtOH_JetPart,500.0,500.0,5.0,0.0,100.0,0.5,0.0,0.0,500.0,1.0,5.0,0.0,1.0,0.0,500.0,5.0,2
MyLC_FullyDefined,1000.0,500.0,10.0,5.0,2.0,1.5,10.0,1.0,900.0,450.0,8.0,4.0,2.0,1.0,100.0,1.0,3
